league,pitch_type,venue_avg,innings,pp_runs,pp_wickets,pp_run_rate,pp_fours,pp_sixes,pp_dot_balls,pp_extras,pp_boundary_pct,pp_dot_pct,wickets_in_hand,final_score,final_wickets
LPL,0,159,1,40,3,6.67,4,2,15,6,16.7,41.7,7,94,7
LPL,2,141,2,35,3,5.83,2,1,18,6,8.3,50.0,7,113,8
PSL,1,181,1,67,1,11.17,9,3,20,2,33.3,55.6,9,187,4
IPL,1,160,2,60,2,10.0,8,3,18,2,30.6,50.0,8,199,8
IPL,1,172,1,56,1,9.33,6,3,17,6,25.0,47.2,9,195,4
IPL,2,140,2,60,0,10.0,6,3,21,5,25.0,58.3,10,222,5
IPL,0,176,1,48,3,8.0,5,0,21,1,13.9,58.3,7,147,6
LPL,1,157,2,43,2,7.17,3,1,14,5,11.1,38.9,8,117,6
MLC,0,167,1,30,1,5.0,3,0,21,5,8.3,58.3,9,76,6
MLC,0,157,2,46,1,7.67,4,2,17,4,16.7,47.2,9,127,3
BPL,1,169,1,50,4,8.33,6,1,20,2,19.4,55.6,6,125,6
MLC,2,146,2,32,3,5.33,4,0,16,3,11.1,44.4,7,107,9
CPL,1,143,1,40,2,6.67,4,0,18,0,11.1,50.0,8,104,8
T20 World Cup,2,176,2,39,2,6.5,4,2,20,3,16.7,55.6,8,113,6
CPL,1,177,1,41,1,6.83,5,2,18,3,19.4,50.0,9,97,4
MLC,2,165,2,41,2,6.83,4,0,16,1,11.1,44.4,8,142,4
IPL,1,162,1,40,4,6.67,4,1,21,3,13.9,58.3,6,130,8
T20 World Cup,0,149,2,30,4,5.0,4,0,12,1,11.1,33.3,6,85,8
BPL,2,166,1,31,5,5.17,4,0,10,0,11.1,27.8,5,58,10
PSL,1,150,2,47,1,7.83,3,2,19,1,13.9,52.8,9,152,5
IPL,1,140,1,60,1,10.0,8,0,22,4,22.2,61.1,9,193,7
SA20,1,159,2,50,2,8.33,5,1,15,2,16.7,41.7,8,148,8
PSL,0,160,1,33,2,5.5,3,1,18,5,11.1,50.0,8,77,6
SA20,2,148,2,47,1,7.83,4,2,20,2,16.7,55.6,9,153,4
SA20,2,178,1,53,0,8.83,7,2,18,1,25.0,50.0,10,181,3
PSL,1,138,2,63,0,10.5,9,3,18,1,33.3,50.0,10,177,2
ILT20,1,148,1,37,3,6.17,5,2,17,0,19.4,47.2,7,115,7
T20 World Cup,2,158,2,38,3,6.33,3,0,14,1,8.3,38.9,7,100,9
Super Smash,1,164,1,28,6,4.67,4,1,8,2,13.9,22.2,4,70,8
MLC,1,151,2,53,2,8.83,4,3,14,6,19.4,38.9,8,135,4
CPL,1,138,1,43,1,7.17,6,2,18,5,22.2,50.0,9,138,3
LPL,0,144,2,48,1,8.0,5,2,20,0,19.4,55.6,9,127,3
PSL,0,181,1,51,0,8.5,6,3,20,4,25.0,55.6,10,144,4
LPL,1,142,2,40,2,6.67,5,0,16,5,13.9,44.4,8,101,4
PSL,2,150,1,32,3,5.33,2,0,12,4,5.6,33.3,7,102,9
LPL,0,174,2,30,3,5.0,2,1,16,5,8.3,44.4,7,84,8
T20I,2,162,1,36,3,6.0,3,1,22,3,11.1,61.1,7,102,5
T20 Blast,2,153,2,43,2,7.17,5,2,22,4,19.4,61.1,8,122,5
ILT20,1,144,1,27,5,4.5,3,0,21,6,8.3,58.3,5,74,8
BBL,1,153,2,45,3,7.5,4,1,16,2,13.9,44.4,7,141,7
T20 World Cup,0,170,1,44,4,7.33,4,0,20,6,11.1,55.6,6,98,10
T20 Blast,2,160,2,65,1,10.83,5,2,16,1,19.4,44.4,9,190,7
T20 Blast,1,169,1,36,4,6.0,4,0,14,4,11.1,38.9,6,97,7
BPL,1,138,2,25,5,4.17,3,0,10,2,8.3,27.8,5,63,8
T20I,0,143,1,51,1,8.5,4,1,16,6,13.9,44.4,9,130,3
PSL,2,158,2,34,4,5.67,4,1,12,6,13.9,33.3,6,91,6
IPL,1,158,1,62,1,10.33,5,1,16,6,16.7,44.4,9,209,6
ILT20,2,176,2,56,1,9.33,4,1,21,2,13.9,58.3,9,183,7
PSL,1,181,1,14,6,2.33,2,0,12,0,5.6,33.3,4,45,9
MLC,2,156,2,32,4,5.33,2,1,17,3,8.3,47.2,6,87,6
BPL,2,145,1,32,4,5.33,3,2,19,2,13.9,52.8,6,70,10
BPL,0,142,2,48,3,8.0,6,2,22,2,22.2,61.1,7,112,5
T20I,1,142,1,46,1,7.67,5,0,20,2,13.9,55.6,9,144,3
SA20,1,176,2,48,4,8.0,6,2,16,5,22.2,44.4,6,114,7
SA20,1,145,1,31,5,5.17,2,1,12,3,8.3,33.3,5,98,9
ILT20,0,155,2,46,2,7.67,5,1,15,1,16.7,41.7,8,134,8
T20 Blast,1,179,1,54,1,9.0,7,0,17,1,19.4,47.2,9,160,4
PSL,0,144,2,47,2,7.83,6,0,18,6,16.7,50.0,8,119,6
T20 World Cup,1,146,1,24,6,4.0,3,1,12,3,11.1,33.3,4,62,10
LPL,1,168,2,65,0,10.83,6,0,21,4,16.7,58.3,10,197,5
T20 World Cup,2,172,1,56,1,9.33,6,1,18,4,19.4,50.0,9,174,5
Super Smash,1,150,2,61,0,10.17,6,3,18,3,25.0,50.0,10,178,2
ILT20,1,155,1,24,5,4.0,2,1,18,3,8.3,50.0,5,59,10
MLC,2,141,2,19,5,3.17,1,1,10,0,5.6,27.8,5,53,10
MLC,1,139,1,50,2,8.33,6,2,16,6,22.2,44.4,8,139,7
T20 World Cup,1,145,2,42,5,7.0,4,2,19,2,16.7,52.8,5,110,9
PSL,2,169,1,52,2,8.67,5,1,15,4,16.7,41.7,8,150,7
BPL,1,158,2,53,1,8.83,5,1,20,0,16.7,55.6,9,158,6
SA20,0,138,1,55,2,9.17,4,3,22,6,19.4,61.1,8,137,8
T20 World Cup,1,145,2,51,1,8.5,4,1,17,1,13.9,47.2,9,155,6
T20I,2,146,1,36,2,6.0,5,2,19,4,19.4,52.8,8,109,5
T20 World Cup,0,140,2,21,6,3.5,1,0,17,3,2.8,47.2,4,41,8
T20I,1,176,1,39,3,6.5,3,2,21,5,13.9,58.3,7,100,9
MLC,0,169,2,33,3,5.5,3,2,14,2,13.9,38.9,7,86,9
CPL,1,175,1,12,6,2.0,1,1,18,1,5.6,50.0,4,50,10
T20 World Cup,1,158,2,54,1,9.0,6,1,18,1,19.4,50.0,9,165,4
BPL,1,150,1,43,4,7.17,3,1,12,2,11.1,33.3,6,99,6
BPL,0,173,2,31,4,5.17,4,1,17,0,13.9,47.2,6,68,8
Super Smash,1,150,1,60,1,10.0,5,1,20,6,16.7,55.6,9,183,7
T20 World Cup,1,141,2,56,1,9.33,5,1,19,6,16.7,52.8,9,164,5
PSL,2,169,1,54,1,9.0,7,2,19,1,25.0,52.8,9,177,5
T20 Blast,1,166,2,29,6,4.83,2,0,17,5,5.6,47.2,4,75,9
CPL,0,151,1,47,2,7.83,4,1,20,5,13.9,55.6,8,125,5
T20 World Cup,2,174,2,48,4,8.0,5,1,13,5,16.7,36.1,6,130,6
ILT20,1,147,1,56,1,9.33,8,3,16,2,30.6,44.4,9,177,3
SA20,1,140,2,59,0,9.83,4,1,22,5,13.9,61.1,10,187,3
T20 World Cup,0,170,1,46,1,7.67,6,0,22,1,16.7,61.1,9,121,7
BPL,1,174,2,50,1,8.33,6,2,20,1,22.2,55.6,9,143,4
ILT20,2,161,1,36,2,6.0,5,1,15,4,16.7,41.7,8,112,5
Super Smash,2,143,2,50,1,8.33,4,0,16,5,11.1,44.4,9,149,6
Super Smash,1,175,1,45,3,7.5,3,2,16,1,13.9,44.4,7,131,9
Super Smash,2,176,2,44,1,7.33,4,1,22,2,13.9,61.1,9,116,3
MLC,2,170,1,51,4,8.5,6,1,10,3,19.4,27.8,6,129,6
CPL,1,159,2,45,1,7.5,4,2,16,5,16.7,44.4,9,125,3
BPL,2,171,1,39,2,6.5,3,1,19,4,11.1,52.8,8,117,7
CPL,1,138,2,50,1,8.33,7,2,21,1,25.0,58.3,9,145,3
ILT20,0,174,1,33,5,5.5,3,1,11,3,11.1,30.6,5,67,9
SA20,1,167,2,48,1,8.0,5,0,16,2,13.9,44.4,9,152,3
PSL,1,166,1,44,2,7.33,6,0,14,3,16.7,38.9,8,130,5
Super Smash,0,164,2,44,1,7.33,3,2,20,0,13.9,55.6,9,100,3
PSL,2,158,1,65,1,10.83,8,4,21,0,33.3,58.3,9,208,7
PSL,0,181,2,56,0,9.33,4,1,20,6,13.9,55.6,10,163,6
T20 Blast,2,178,1,13,6,2.17,1,0,15,3,2.8,41.7,4,28,10
CPL,0,173,2,38,3,6.33,4,1,15,1,13.9,41.7,7,106,5
T20 Blast,2,176,1,53,3,8.83,6,1,16,3,19.4,44.4,7,143,6
Super Smash,2,173,2,37,2,6.17,5,0,18,6,13.9,50.0,8,97,6
SA20,2,166,1,48,2,8.0,6,1,14,2,19.4,38.9,8,163,5
BBL,1,160,2,57,2,9.5,7,3,19,5,27.8,52.8,8,171,7
ILT20,1,174,1,35,5,5.83,2,2,22,0,11.1,61.1,5,105,10
BPL,1,142,2,41,3,6.83,5,1,12,6,16.7,33.3,7,112,8
PSL,1,139,1,28,3,4.67,2,0,14,3,5.6,38.9,7,78,7
T20 Blast,2,179,2,50,4,8.33,5,3,17,0,22.2,47.2,6,125,7
BPL,1,172,1,48,2,8.0,4,3,14,6,19.4,38.9,8,126,8
BBL,1,178,2,24,4,4.0,3,0,20,3,8.3,55.6,6,64,8
T20 World Cup,1,181,1,51,3,8.5,7,1,13,2,22.2,36.1,7,130,9
T20 Blast,1,147,2,54,1,9.0,7,2,22,0,25.0,61.1,9,154,3
ILT20,0,158,1,35,3,5.83,4,2,13,2,16.7,36.1,7,76,5
IPL,0,163,2,38,2,6.33,4,1,15,4,13.9,41.7,8,93,4
BBL,0,142,1,30,5,5.0,2,1,14,6,8.3,38.9,5,76,9
T20 World Cup,0,181,2,33,3,5.5,4,0,16,2,11.1,44.4,7,77,5
CPL,1,181,1,31,5,5.17,2,1,16,2,8.3,44.4,5,76,8
IPL,1,151,2,44,4,7.33,6,0,20,6,16.7,55.6,6,128,6
IPL,1,178,1,46,3,7.67,6,1,22,0,19.4,61.1,7,127,6
CPL,1,172,2,44,1,7.33,3,0,16,4,8.3,44.4,9,137,7
MLC,2,174,1,25,6,4.17,2,1,16,0,8.3,44.4,4,65,9
MLC,1,155,2,47,4,7.83,5,1,19,5,16.7,52.8,6,120,8
LPL,0,154,1,43,2,7.17,3,0,20,0,8.3,55.6,8,112,7
BPL,2,146,2,39,3,6.5,5,0,13,6,13.9,36.1,7,124,6
T20 Blast,1,147,1,49,2,8.17,7,3,14,1,27.8,38.9,8,129,5
PSL,1,179,2,59,1,9.83,4,1,22,1,13.9,61.1,9,178,5
T20 Blast,1,146,1,50,4,8.33,6,3,18,6,25.0,50.0,6,136,6
PSL,1,158,2,56,2,9.33,5,3,17,2,22.2,47.2,8,161,7
BPL,0,146,1,43,2,7.17,3,2,15,3,13.9,41.7,8,115,7
T20I,1,177,2,23,5,3.83,1,1,9,4,5.6,25.0,5,61,9
IPL,2,160,1,36,2,6.0,3,1,18,3,11.1,50.0,8,115,8
IPL,1,170,2,59,1,9.83,6,2,16,4,22.2,44.4,9,212,7
ILT20,1,177,1,48,2,8.0,6,3,20,4,25.0,55.6,8,140,8
BPL,0,158,2,32,4,5.33,3,0,14,3,8.3,38.9,6,81,9
Super Smash,1,180,1,49,2,8.17,6,3,17,3,25.0,47.2,8,122,6
BPL,1,161,2,42,3,7.0,3,1,14,2,11.1,38.9,7,91,8
BBL,2,177,1,73,1,12.17,6,4,21,1,27.8,58.3,9,254,4
SA20,0,152,2,37,4,6.17,4,0,19,5,11.1,52.8,6,99,6
T20 Blast,1,159,1,51,1,8.5,4,1,18,0,13.9,50.0,9,137,7
T20I,1,144,2,51,2,8.5,4,2,20,0,16.7,55.6,8,137,8
BPL,2,174,1,62,1,10.33,5,0,17,3,13.9,47.2,9,189,6
SA20,2,178,2,53,2,8.83,7,1,15,0,22.2,41.7,8,171,6
LPL,0,154,1,48,1,8.0,4,3,18,3,19.4,50.0,9,123,3
LPL,0,165,2,36,3,6.0,5,2,21,3,19.4,58.3,7,97,8
T20I,2,141,1,45,0,7.5,4,1,20,2,13.9,55.6,10,149,5
MLC,0,166,2,41,1,6.83,5,0,21,0,13.9,58.3,9,100,7
T20 World Cup,2,176,1,44,4,7.33,3,1,19,1,11.1,52.8,6,133,9
Super Smash,1,157,2,50,2,8.33,5,0,15,1,13.9,41.7,8,130,4
T20 World Cup,2,179,1,41,2,6.83,3,2,20,1,13.9,55.6,8,129,5
T20 Blast,1,181,2,28,5,4.67,2,0,18,6,5.6,50.0,5,58,10
Super Smash,1,150,1,29,5,4.83,2,0,22,3,5.6,61.1,5,70,10
T20 Blast,1,164,2,35,2,5.83,5,2,15,4,19.4,41.7,8,103,4
CPL,0,181,1,59,0,9.83,8,2,21,5,27.8,58.3,10,155,2
BPL,1,152,2,53,2,8.83,6,0,15,3,16.7,41.7,8,133,6
T20I,1,175,1,38,3,6.33,3,2,13,2,13.9,36.1,7,109,6
Super Smash,2,141,2,42,3,7.0,3,2,13,2,13.9,36.1,7,101,7
BBL,2,146,1,57,2,9.5,4,3,15,6,19.4,41.7,8,176,7
SA20,1,164,2,55,1,9.17,5,0,22,3,13.9,61.1,9,196,5
BPL,1,175,1,41,2,6.83,3,0,21,4,8.3,58.3,8,120,4
BBL,1,155,2,22,4,3.67,3,0,12,3,8.3,33.3,6,71,6
MLC,1,151,1,43,3,7.17,5,0,13,5,13.9,36.1,7,127,5
T20I,2,180,2,37,4,6.17,4,2,19,0,16.7,52.8,6,81,10
BPL,1,143,1,51,1,8.5,6,2,19,4,22.2,52.8,9,144,7
T20 Blast,0,180,2,49,1,8.17,7,1,20,1,22.2,55.6,9,109,5
CPL,1,172,1,34,5,5.67,4,2,10,6,16.7,27.8,5,74,8
T20 World Cup,0,167,2,14,6,2.33,1,1,13,4,5.6,36.1,4,33,10
ILT20,0,172,1,34,2,5.67,3,2,21,2,13.9,58.3,8,89,5
CPL,0,148,2,32,3,5.33,3,2,12,3,13.9,33.3,7,68,6
CPL,2,162,1,45,2,7.5,4,1,21,6,13.9,58.3,8,134,8
BPL,1,156,2,44,0,7.33,6,1,22,1,19.4,61.1,10,132,5
SA20,1,147,1,47,2,7.83,6,0,21,1,16.7,58.3,8,141,5
Super Smash,1,157,2,24,3,4.0,3,1,17,0,11.1,47.2,7,58,7
IPL,1,166,1,59,1,9.83,8,3,16,2,30.6,44.4,9,204,3
PSL,0,149,2,29,4,4.83,4,1,14,5,13.9,38.9,6,57,6
PSL,2,141,1,51,1,8.5,4,3,16,0,19.4,44.4,9,161,5
T20 Blast,1,170,2,40,3,6.67,4,1,21,2,13.9,58.3,7,101,8
Super Smash,2,169,1,54,2,9.0,4,1,14,1,13.9,38.9,8,145,7
SA20,0,156,2,53,1,8.83,4,2,18,6,16.7,50.0,9,140,6
LPL,1,141,1,38,3,6.33,5,0,16,4,13.9,44.4,7,97,5
SA20,1,181,2,59,1,9.83,6,1,20,3,19.4,55.6,9,172,6
Super Smash,1,143,1,35,3,5.83,4,2,18,0,16.7,50.0,7,82,5
BPL,1,157,2,45,1,7.5,3,2,21,5,13.9,58.3,9,126,4
ILT20,0,162,1,31,3,5.17,3,0,12,4,8.3,33.3,7,83,9
ILT20,1,180,2,55,3,9.17,6,0,12,2,16.7,33.3,7,136,7
ILT20,0,178,1,54,2,9.0,7,3,18,3,27.8,50.0,8,148,6
BBL,1,144,2,62,0,10.33,5,1,21,3,16.7,58.3,10,199,5
BBL,1,163,1,52,1,8.67,7,0,18,4,19.4,50.0,9,167,4
T20 World Cup,1,151,2,29,3,4.83,3,0,21,6,8.3,58.3,7,80,7
ILT20,1,175,1,9,6,1.5,1,0,11,1,2.8,30.6,4,24,10
MLC,1,171,2,25,6,4.17,3,0,16,5,8.3,44.4,4,67,10
CPL,2,146,1,43,2,7.17,3,0,22,3,8.3,61.1,8,140,6
Super Smash,0,178,2,32,4,5.33,4,0,14,4,11.1,38.9,6,77,8
BBL,1,160,1,43,3,7.17,5,2,20,2,19.4,55.6,7,119,7
PSL,0,156,2,24,4,4.0,2,0,12,0,5.6,33.3,6,47,9
BBL,1,138,1,47,2,7.83,4,1,22,1,13.9,61.1,8,148,4
IPL,2,178,2,74,0,12.33,8,0,18,3,22.2,50.0,10,265,5
T20 World Cup,1,157,1,60,1,10.0,7,3,16,0,27.8,44.4,9,177,5
LPL,2,152,2,60,1,10.0,7,3,20,0,27.8,55.6,9,172,6
Super Smash,1,179,1,51,2,8.5,7,1,20,2,22.2,55.6,8,124,7
IPL,1,142,2,49,3,8.17,5,1,16,3,16.7,44.4,7,142,8
T20 World Cup,1,172,1,41,4,6.83,3,0,21,3,8.3,58.3,6,98,9
SA20,1,145,2,44,1,7.33,3,0,18,0,8.3,50.0,9,126,3
MLC,2,178,1,59,1,9.83,6,0,18,6,16.7,50.0,9,171,5
IPL,2,176,2,28,6,4.67,4,0,22,1,11.1,61.1,4,84,10
IPL,1,175,1,27,3,4.5,2,0,19,4,5.6,52.8,7,81,8
T20I,2,169,2,31,3,5.17,2,1,17,5,8.3,47.2,7,79,7
Super Smash,1,180,1,47,3,7.83,6,0,16,1,16.7,44.4,7,119,7
Super Smash,1,160,2,62,1,10.33,7,2,18,1,25.0,50.0,9,169,7
MLC,2,165,1,31,5,5.17,2,1,17,6,8.3,47.2,5,77,9
PSL,1,167,2,43,2,7.17,5,1,18,5,16.7,50.0,8,127,7
ILT20,1,152,1,40,4,6.67,3,2,10,3,13.9,27.8,6,99,7
T20 World Cup,1,146,2,32,4,5.33,2,0,11,1,5.6,30.6,6,78,6
PSL,0,140,1,48,1,8.0,4,1,20,2,13.9,55.6,9,128,4
SA20,0,156,2,30,3,5.0,2,0,19,5,5.6,52.8,7,79,5
BPL,1,148,1,48,2,8.0,6,3,14,2,25.0,38.9,8,130,5
MLC,2,144,2,45,2,7.5,3,2,17,5,13.9,47.2,8,136,4
T20 Blast,0,179,1,55,0,9.17,4,3,22,1,19.4,61.1,10,147,4
T20 World Cup,1,149,2,18,6,3.0,2,0,13,6,5.6,36.1,4,46,10
T20 Blast,1,152,1,20,6,3.33,1,0,7,5,2.8,19.4,4,51,8
ILT20,0,144,2,45,2,7.5,6,2,22,6,22.2,61.1,8,121,5
IPL,1,141,1,58,2,9.67,7,2,22,6,25.0,61.1,8,189,8
ILT20,1,169,2,54,2,9.0,7,1,21,6,22.2,58.3,8,157,5
LPL,2,180,1,59,1,9.83,4,0,18,2,11.1,50.0,9,186,6
T20 World Cup,1,158,2,45,3,7.5,3,1,15,2,11.1,41.7,7,141,6
BPL,1,158,1,39,2,6.5,3,1,16,1,11.1,44.4,8,108,6
CPL,0,170,2,51,2,8.5,4,3,16,4,19.4,44.4,8,129,7
SA20,1,173,1,18,5,3.0,1,1,14,4,5.6,38.9,5,34,9
CPL,2,161,2,47,2,7.83,3,2,15,3,13.9,41.7,8,137,7
IPL,0,178,1,52,1,8.67,7,0,21,1,19.4,58.3,9,155,7
IPL,2,153,2,62,1,10.33,6,1,18,6,19.4,50.0,9,209,4
CPL,1,141,1,48,0,8.0,4,3,20,6,19.4,55.6,10,153,2
ILT20,1,173,2,54,2,9.0,6,0,20,5,16.7,55.6,8,163,8
BBL,1,157,1,50,3,8.33,7,1,12,6,22.2,33.3,7,129,9
Super Smash,1,157,2,45,1,7.5,6,0,16,4,16.7,44.4,9,123,6
T20 Blast,1,164,1,29,4,4.83,4,0,22,2,11.1,61.1,6,76,9
BPL,1,158,2,45,2,7.5,4,0,21,1,11.1,58.3,8,126,5
LPL,0,156,1,43,2,7.17,3,1,18,1,11.1,50.0,8,108,4
PSL,1,171,2,46,3,7.67,4,1,21,6,13.9,58.3,7,149,6
IPL,0,172,1,24,5,4.0,2,0,21,3,5.6,58.3,5,69,8
T20 Blast,1,151,2,48,1,8.0,5,3,16,2,22.2,44.4,9,128,5
SA20,1,140,1,51,3,8.5,4,0,17,3,11.1,47.2,7,144,5
T20 World Cup,0,154,2,28,5,4.67,2,0,10,1,5.6,27.8,5,56,8
CPL,2,169,1,46,2,7.67,5,0,20,6,13.9,55.6,8,140,5
LPL,1,149,2,37,5,6.17,4,2,9,4,16.7,25.0,5,85,10
CPL,2,151,1,42,2,7.0,5,1,16,1,16.7,44.4,8,126,8
SA20,0,159,2,57,0,9.5,7,0,21,0,19.4,58.3,10,166,3
BPL,0,142,1,13,5,2.17,1,0,21,3,2.8,58.3,5,28,7
Super Smash,1,154,2,51,2,8.5,7,0,18,2,19.4,50.0,8,139,7
BPL,0,146,1,46,1,7.67,3,0,18,1,8.3,50.0,9,113,4
Super Smash,1,171,2,50,2,8.33,5,3,16,3,22.2,44.4,8,132,8
T20 Blast,1,153,1,51,2,8.5,4,2,22,5,16.7,61.1,8,153,6
BPL,0,162,2,46,1,7.67,3,1,16,5,11.1,44.4,9,105,5
T20 World Cup,1,178,1,37,3,6.17,4,1,21,0,13.9,58.3,7,103,5
T20I,0,147,2,35,4,5.83,3,1,10,1,11.1,27.8,6,72,9
T20I,0,151,1,48,1,8.0,4,2,21,0,16.7,58.3,9,127,3
BBL,1,180,2,35,3,5.83,2,0,18,2,5.6,50.0,7,96,5
T20I,2,165,1,68,0,11.33,5,4,22,2,25.0,61.1,10,228,5
SA20,0,159,2,37,2,6.17,5,1,19,3,16.7,52.8,8,108,7
LPL,1,165,1,53,1,8.83,7,0,17,5,19.4,47.2,9,162,4
SA20,2,145,2,33,3,5.5,3,2,21,0,13.9,58.3,7,88,5
BPL,2,170,1,32,1,5.33,2,0,17,0,5.6,47.2,9,90,3
BPL,1,159,2,41,3,6.83,3,2,15,0,13.9,41.7,7,112,5
T20 World Cup,1,147,1,55,2,9.17,7,2,14,2,25.0,38.9,8,168,4
ILT20,1,170,2,64,1,10.67,5,0,22,6,13.9,61.1,9,192,3
PSL,1,151,1,51,0,8.5,4,2,19,3,16.7,52.8,10,163,4
SA20,1,173,2,50,2,8.33,7,3,17,1,27.8,47.2,8,155,8
IPL,1,150,1,45,4,7.5,4,2,18,5,16.7,50.0,6,138,7
IPL,0,154,2,52,2,8.67,5,1,20,2,16.7,55.6,8,151,8
CPL,0,139,1,43,4,7.17,3,1,11,3,11.1,30.6,6,92,9
PSL,2,148,2,56,1,9.33,4,0,18,5,11.1,50.0,9,201,4
IPL,1,152,1,70,1,11.67,9,1,21,5,27.8,58.3,9,234,4
SA20,1,164,2,21,6,3.5,2,0,14,0,5.6,38.9,4,59,10
MLC,1,147,1,44,3,7.33,6,1,20,1,19.4,55.6,7,121,6
T20I,2,151,2,62,2,10.33,7,2,22,6,25.0,61.1,8,184,4
ILT20,0,178,1,58,1,9.67,6,3,19,0,25.0,52.8,9,169,3
T20I,0,143,2,48,1,8.0,6,0,17,6,16.7,47.2,9,108,3
IPL,1,140,1,47,3,7.83,5,0,21,6,13.9,58.3,7,132,8
ILT20,1,152,2,40,3,6.67,3,1,14,4,11.1,38.9,7,125,8
T20I,1,154,1,42,1,7.0,6,2,19,2,22.2,52.8,9,116,5
IPL,1,140,2,50,2,8.33,7,2,17,4,25.0,47.2,8,170,4
T20 World Cup,1,150,1,47,3,7.83,6,0,18,5,16.7,50.0,7,132,5
T20 Blast,2,161,2,32,4,5.33,2,0,15,4,5.6,41.7,6,67,6
T20I,0,177,1,34,3,5.67,4,0,15,5,11.1,41.7,7,64,7
IPL,1,169,2,65,2,10.83,6,0,21,1,16.7,58.3,8,220,4
CPL,1,178,1,60,2,10.0,8,3,14,1,30.6,38.9,8,160,5
LPL,1,154,2,35,3,5.83,4,0,22,4,11.1,61.1,7,85,5
BPL,2,146,1,30,5,5.0,2,1,15,6,8.3,41.7,5,82,9
T20I,1,174,2,46,2,7.67,5,2,20,6,19.4,55.6,8,141,7
SA20,2,175,1,26,5,4.33,2,0,15,5,5.6,41.7,5,79,10
T20 World Cup,1,156,2,40,1,6.67,5,0,18,5,13.9,50.0,9,118,3
BBL,1,178,1,53,1,8.83,6,1,19,5,19.4,52.8,9,167,4
SA20,1,178,2,57,1,9.5,4,3,22,5,19.4,61.1,9,176,5
T20 World Cup,2,165,1,42,3,7.0,5,0,22,6,13.9,61.1,7,122,7
PSL,1,154,2,57,0,9.5,5,2,18,3,19.4,50.0,10,191,6
SA20,1,144,1,56,2,9.33,6,1,15,4,19.4,41.7,8,159,5
MLC,0,161,2,42,2,7.0,6,2,16,1,22.2,44.4,8,118,8
IPL,1,148,1,58,2,9.67,5,3,19,4,22.2,52.8,8,201,7
SA20,2,160,2,44,3,7.33,4,0,19,0,11.1,52.8,7,132,5
Super Smash,0,154,1,41,2,6.83,3,1,21,2,11.1,58.3,8,85,6
SA20,2,168,2,38,4,6.33,3,2,14,0,13.9,38.9,6,114,7
IPL,1,164,1,51,2,8.5,5,0,18,0,13.9,50.0,8,167,6
T20 World Cup,0,177,2,46,3,7.67,5,2,17,0,19.4,47.2,7,120,9
Super Smash,1,163,1,44,2,7.33,6,1,18,4,19.4,50.0,8,115,7
PSL,1,144,2,31,3,5.17,4,1,12,2,13.9,33.3,7,85,9
T20 Blast,1,161,1,37,3,6.17,4,0,17,2,11.1,47.2,7,108,5
MLC,0,174,2,33,4,5.5,4,2,14,1,16.7,38.9,6,88,10
MLC,1,144,1,30,3,5.0,3,0,15,4,8.3,41.7,7,87,6
MLC,1,159,2,36,4,6.0,5,1,12,3,16.7,33.3,6,85,9
BBL,0,148,1,57,1,9.5,8,3,21,6,30.6,58.3,9,165,5
SA20,1,150,2,48,4,8.0,6,3,10,4,25.0,27.8,6,123,6
Super Smash,0,145,1,20,4,3.33,1,0,15,6,2.8,41.7,6,47,10
BPL,1,162,2,47,1,7.83,4,2,20,2,16.7,55.6,9,136,5
SA20,1,146,1,37,4,6.17,4,1,10,5,13.9,27.8,6,86,8
SA20,1,165,2,47,2,7.83,4,1,16,4,13.9,44.4,8,139,4
ILT20,2,172,1,42,3,7.0,6,1,20,4,19.4,55.6,7,127,9
PSL,2,163,2,65,1,10.83,6,1,21,4,19.4,58.3,9,204,5
ILT20,1,145,1,51,2,8.5,7,0,22,3,19.4,61.1,8,159,8
T20 Blast,0,174,2,47,0,7.83,6,2,22,4,22.2,61.1,10,128,2
BPL,1,170,1,51,3,8.5,7,2,21,2,25.0,58.3,7,130,6
MLC,2,166,2,15,6,2.5,1,0,20,0,2.8,55.6,4,49,10
BBL,2,152,1,26,6,4.33,3,0,15,3,8.3,41.7,4,73,10
SA20,0,153,2,43,2,7.17,4,2,21,5,16.7,58.3,8,116,4
BPL,0,160,1,45,0,7.5,6,0,20,0,16.7,55.6,10,116,3
MLC,0,158,2,50,1,8.33,5,2,16,4,19.4,44.4,9,117,4
T20 Blast,0,161,1,43,3,7.17,3,1,20,1,11.1,55.6,7,101,6
T20 Blast,1,159,2,63,0,10.5,5,2,20,5,19.4,55.6,10,174,4
LPL,1,155,1,43,4,7.17,6,1,18,3,19.4,50.0,6,115,8
T20I,1,178,2,46,1,7.67,3,0,20,6,8.3,55.6,9,141,3
T20 World Cup,1,140,1,24,6,4.0,3,0,19,1,8.3,52.8,4,64,10
BBL,2,171,2,52,2,8.67,6,2,14,1,22.2,38.9,8,165,6
PSL,1,172,1,52,3,8.67,4,1,14,5,13.9,38.9,7,140,8
T20I,2,161,2,30,5,5.0,3,1,18,0,11.1,50.0,5,69,8
Super Smash,2,173,1,42,3,7.0,6,2,15,3,22.2,41.7,7,112,8
CPL,1,181,2,41,2,6.83,4,1,19,0,13.9,52.8,8,99,7
CPL,0,163,1,44,1,7.33,5,0,16,1,13.9,44.4,9,106,7
BPL,2,139,2,46,0,7.67,5,0,21,4,13.9,58.3,10,131,2
Super Smash,1,171,1,47,3,7.83,4,2,22,6,16.7,61.1,7,118,9
IPL,1,158,2,55,1,9.17,6,2,16,1,22.2,44.4,9,192,5
ILT20,1,146,1,43,3,7.17,6,2,19,3,22.2,52.8,7,147,6
MLC,1,140,2,40,4,6.67,4,1,19,1,13.9,52.8,6,99,7
MLC,2,176,1,59,0,9.83,5,2,19,4,19.4,52.8,10,183,3
CPL,1,173,2,47,2,7.83,4,2,18,4,16.7,50.0,8,142,4
T20I,2,138,1,49,2,8.17,5,0,16,3,13.9,44.4,8,145,4
T20 Blast,2,143,2,40,2,6.67,3,2,16,0,13.9,44.4,8,127,8
BPL,0,138,1,42,1,7.0,3,2,17,0,13.9,47.2,9,104,4
CPL,0,161,2,47,0,7.83,3,0,19,3,8.3,52.8,10,135,4
MLC,1,152,1,61,0,10.17,5,1,18,4,16.7,50.0,10,186,2
LPL,0,181,2,26,3,4.33,3,1,20,0,11.1,55.6,7,72,7
BBL,1,176,1,50,2,8.33,6,1,22,2,19.4,61.1,8,162,4
ILT20,1,154,2,52,3,8.67,6,0,16,6,16.7,44.4,7,143,8
T20I,2,176,1,56,2,9.33,4,0,18,2,11.1,50.0,8,182,4
SA20,2,175,2,56,0,9.33,7,3,20,0,27.8,55.6,10,187,2
T20 World Cup,0,164,1,43,3,7.17,3,1,18,3,11.1,50.0,7,97,6
ILT20,2,164,2,68,1,11.33,8,4,22,4,33.3,61.1,9,204,6
CPL,0,169,1,48,1,8.0,4,0,22,5,11.1,61.1,9,121,4
Super Smash,1,145,2,53,1,8.83,4,1,19,5,13.9,52.8,9,160,6
LPL,2,178,1,44,3,7.33,3,1,22,5,11.1,61.1,7,116,7
T20 World Cup,2,144,2,55,0,9.17,6,3,22,0,25.0,61.1,10,186,2
SA20,0,178,1,41,2,6.83,4,0,19,6,11.1,52.8,8,104,4
BBL,2,166,2,66,1,11.0,9,2,18,5,30.6,50.0,9,221,6
T20I,0,147,1,18,4,3.0,2,1,13,5,8.3,36.1,6,57,6
BBL,1,140,2,62,1,10.33,8,2,22,1,27.8,61.1,9,183,6
T20 Blast,1,178,1,51,2,8.5,7,3,19,0,27.8,52.8,8,134,6
PSL,1,147,2,30,6,5.0,3,1,16,4,11.1,44.4,4,49,9
T20I,0,141,1,34,3,5.67,2,1,13,2,8.3,36.1,7,85,5
SA20,2,150,2,41,4,6.83,4,2,16,1,16.7,44.4,6,123,9
Super Smash,1,148,1,44,2,7.33,3,1,20,4,11.1,55.6,8,110,6
BBL,1,151,2,57,1,9.5,8,3,16,4,30.6,44.4,9,179,5
T20 Blast,1,154,1,39,1,6.5,3,0,22,0,8.3,61.1,9,127,6
LPL,1,138,2,52,1,8.67,7,1,17,6,22.2,47.2,9,153,5
BPL,2,155,1,16,6,2.67,2,0,16,4,5.6,44.4,4,59,10
BBL,0,177,2,49,1,8.17,4,3,20,4,19.4,55.6,9,134,3
PSL,1,175,1,64,1,10.67,6,4,19,0,27.8,52.8,9,193,4
CPL,1,154,2,42,2,7.0,5,0,15,5,13.9,41.7,8,125,5
IPL,1,161,1,55,4,9.17,7,0,21,0,19.4,58.3,6,160,10
IPL,1,164,2,46,3,7.67,3,0,14,0,8.3,38.9,7,140,6
T20 Blast,0,174,1,37,2,6.17,5,1,18,5,16.7,50.0,8,93,6
BPL,2,176,2,15,5,2.5,1,1,9,3,5.6,25.0,5,41,8
PSL,2,152,1,52,1,8.67,5,3,22,1,22.2,61.1,9,156,3
T20I,0,171,2,43,3,7.17,5,0,19,4,13.9,52.8,7,118,5
Super Smash,0,150,1,40,1,6.67,3,1,20,0,11.1,55.6,9,101,5
PSL,0,145,2,40,3,6.67,5,0,19,1,13.9,52.8,7,105,9
CPL,0,172,1,40,1,6.67,4,0,19,1,11.1,52.8,9,101,3
T20I,2,179,2,48,2,8.0,5,0,20,0,13.9,55.6,8,155,6
T20I,2,163,1,58,0,9.67,8,0,19,0,22.2,52.8,10,193,3
ILT20,0,181,2,60,0,10.0,6,2,18,5,22.2,50.0,10,181,2
LPL,1,151,1,44,0,7.33,3,0,19,5,8.3,52.8,10,129,2
ILT20,0,152,2,46,1,7.67,6,2,19,2,22.2,52.8,9,118,3
Super Smash,1,179,1,49,3,8.17,4,0,19,1,11.1,52.8,7,121,5
MLC,1,141,2,52,3,8.67,6,2,13,4,22.2,36.1,7,147,7
T20 World Cup,1,153,1,44,4,7.33,3,2,10,0,13.9,27.8,6,123,8
T20I,2,149,2,45,2,7.5,3,0,22,0,8.3,61.1,8,150,4
LPL,0,144,1,42,1,7.0,3,1,16,1,11.1,44.4,9,99,5
BBL,0,166,2,51,2,8.5,6,0,19,1,16.7,52.8,8,144,6
T20I,1,151,1,32,5,5.33,4,1,21,5,13.9,58.3,5,82,9
SA20,1,140,2,47,1,7.83,5,1,17,4,16.7,47.2,9,149,7
MLC,2,167,1,38,3,6.33,3,1,12,5,11.1,33.3,7,104,6
T20 Blast,2,150,2,35,4,5.83,3,2,12,0,13.9,33.3,6,93,10
T20 World Cup,1,158,1,38,3,6.33,3,0,16,1,8.3,44.4,7,102,5
CPL,2,142,2,54,1,9.0,5,3,17,1,22.2,47.2,9,170,6
CPL,1,166,1,37,3,6.17,5,2,15,0,19.4,41.7,7,109,5
SA20,1,153,2,38,4,6.33,3,1,11,6,11.1,30.6,6,111,8
SA20,1,179,1,52,0,8.67,5,0,18,5,13.9,50.0,10,171,3
BBL,0,139,2,44,1,7.33,4,0,16,3,11.1,44.4,9,112,3
BBL,2,159,1,39,3,6.5,3,0,13,6,8.3,36.1,7,106,9
BBL,0,166,2,37,3,6.17,4,2,13,3,16.7,36.1,7,94,5
CPL,0,179,1,41,3,6.83,3,0,15,0,8.3,41.7,7,95,5
T20 Blast,0,166,2,41,3,6.83,3,0,13,3,8.3,36.1,7,99,8
T20I,1,170,1,56,2,9.33,6,0,22,2,16.7,61.1,8,148,7
LPL,0,159,2,46,0,7.67,4,0,20,1,11.1,55.6,10,131,6
IPL,0,147,1,36,3,6.0,3,0,22,5,8.3,61.1,7,105,9
T20 Blast,1,165,2,52,2,8.67,4,2,21,0,16.7,58.3,8,132,7
CPL,2,152,1,52,2,8.67,4,0,21,3,11.1,58.3,8,160,7
Super Smash,0,155,2,31,4,5.17,3,0,10,6,8.3,27.8,6,66,9
IPL,1,141,1,48,2,8.0,4,1,18,3,13.9,50.0,8,145,8
LPL,1,160,2,44,2,7.33,4,0,15,0,11.1,41.7,8,123,6
T20 World Cup,2,174,1,42,3,7.0,6,0,16,6,16.7,44.4,7,103,5
LPL,1,139,2,33,2,5.5,2,1,19,3,8.3,52.8,8,108,6
T20 World Cup,2,145,1,45,2,7.5,5,0,19,6,13.9,52.8,8,144,6
T20 World Cup,1,152,2,41,3,6.83,4,0,16,3,11.1,44.4,7,118,7
IPL,1,176,1,60,1,10.0,8,2,18,4,27.8,50.0,9,207,3
ILT20,0,158,2,34,5,5.67,2,2,15,6,11.1,41.7,5,85,9
BBL,2,162,1,50,2,8.33,6,2,17,0,22.2,47.2,8,158,5
BPL,2,168,2,20,6,3.33,1,1,20,6,5.6,55.6,4,55,10
PSL,0,141,1,44,3,7.33,5,1,21,3,16.7,58.3,7,116,7
IPL,1,176,2,40,4,6.67,4,0,21,3,11.1,58.3,6,102,9
T20 World Cup,0,181,1,42,2,7.0,3,1,16,4,11.1,44.4,8,94,5
IPL,1,172,2,76,0,12.67,7,4,20,2,30.6,55.6,10,263,2
BPL,2,153,1,42,2,7.0,3,2,21,4,13.9,58.3,8,128,8
T20I,0,162,2,25,2,4.17,2,0,20,0,5.6,55.6,8,60,8
CPL,1,157,1,40,0,6.67,3,0,19,5,8.3,52.8,10,126,2
LPL,0,154,2,31,4,5.17,2,1,19,5,8.3,52.8,6,70,10
T20 Blast,1,139,1,45,2,7.5,5,0,14,1,13.9,38.9,8,119,8
SA20,2,179,2,41,4,6.83,3,2,13,3,13.9,36.1,6,110,7
IPL,0,155,1,40,3,6.67,3,0,18,2,8.3,50.0,7,102,6
T20 Blast,1,180,2,38,2,6.33,5,1,18,2,16.7,50.0,8,94,7
BPL,2,173,1,40,4,6.67,5,0,17,1,13.9,47.2,6,115,8
PSL,1,174,2,48,3,8.0,4,2,14,4,16.7,38.9,7,149,8
BBL,0,165,1,40,3,6.67,4,2,21,3,16.7,58.3,7,105,8
MLC,1,173,2,43,3,7.17,4,1,16,5,13.9,44.4,7,118,9
MLC,1,154,1,50,3,8.33,4,0,18,5,11.1,50.0,7,140,7
MLC,1,167,2,66,1,11.0,8,3,16,6,30.6,44.4,9,208,5
LPL,1,177,1,45,3,7.5,6,0,17,5,16.7,47.2,7,119,8
MLC,2,176,2,55,1,9.17,7,2,22,3,25.0,61.1,9,179,7
PSL,1,154,1,45,2,7.5,6,2,14,0,22.2,38.9,8,137,6
T20 World Cup,1,169,2,47,4,7.83,5,1,20,1,16.7,55.6,6,116,7
LPL,2,170,1,28,4,4.67,3,0,14,4,8.3,38.9,6,80,8
Super Smash,2,181,2,39,1,6.5,4,2,20,3,16.7,55.6,9,101,3
ILT20,1,150,1,29,4,4.83,2,1,22,3,8.3,61.1,6,78,9
ILT20,0,169,2,42,2,7.0,6,0,16,6,16.7,44.4,8,125,7
LPL,1,138,1,38,4,6.33,4,0,19,6,11.1,52.8,6,87,6
LPL,1,157,2,49,2,8.17,4,3,17,1,19.4,47.2,8,147,4
IPL,0,139,1,36,4,6.0,5,1,19,2,16.7,52.8,6,86,10
Super Smash,1,155,2,45,2,7.5,4,0,18,5,11.1,50.0,8,113,5
T20 Blast,2,158,1,63,0,10.5,5,2,22,5,19.4,61.1,10,194,6
SA20,0,157,2,49,1,8.17,4,2,22,1,16.7,61.1,9,129,6
IPL,1,160,1,54,1,9.0,4,1,17,2,13.9,47.2,9,170,6
ILT20,0,165,2,46,4,7.67,5,2,15,2,19.4,41.7,6,117,10
CPL,1,150,1,39,3,6.5,5,2,16,1,19.4,44.4,7,107,9
CPL,1,162,2,39,4,6.5,5,1,11,1,16.7,30.6,6,115,9
Super Smash,0,160,1,36,2,6.0,4,0,14,3,11.1,38.9,8,73,8
SA20,2,173,2,51,2,8.5,6,0,15,5,16.7,41.7,8,150,6
IPL,0,167,1,48,2,8.0,6,1,16,3,19.4,44.4,8,146,8
Super Smash,1,147,2,52,2,8.67,7,1,21,0,22.2,58.3,8,145,8
BPL,0,167,1,36,0,6.0,5,2,22,3,19.4,61.1,10,101,6
BPL,2,148,2,63,2,10.5,6,0,22,2,16.7,61.1,8,183,8
CPL,1,175,1,42,2,7.0,5,2,21,5,19.4,58.3,8,130,8
Super Smash,2,163,2,50,1,8.33,4,2,16,1,16.7,44.4,9,142,6
ILT20,1,141,1,72,1,12.0,6,1,22,4,19.4,61.1,9,225,6
T20 World Cup,1,139,2,53,3,8.83,7,2,14,5,25.0,38.9,7,152,6
SA20,1,164,1,46,0,7.67,3,1,20,6,11.1,55.6,10,141,5
PSL,2,144,2,53,2,8.83,7,1,21,5,22.2,58.3,8,169,4
T20I,2,180,1,38,3,6.33,5,2,21,2,19.4,58.3,7,117,8
T20 Blast,0,179,2,40,2,6.67,4,1,20,5,13.9,55.6,8,94,7
T20 Blast,1,172,1,17,5,2.83,2,1,18,0,8.3,50.0,5,34,10
BBL,0,177,2,50,3,8.33,7,0,20,6,19.4,55.6,7,131,7
T20I,1,180,1,54,2,9.0,7,1,15,0,22.2,41.7,8,155,8
IPL,2,141,2,50,3,8.33,7,3,20,2,27.8,55.6,7,158,9
PSL,1,170,1,49,2,8.17,6,2,18,2,22.2,50.0,8,143,5
SA20,2,150,2,35,5,5.83,2,2,15,2,11.1,41.7,5,113,8
SA20,1,173,1,39,4,6.5,3,0,14,1,8.3,38.9,6,108,9
T20 World Cup,0,179,2,28,5,4.67,3,1,15,5,11.1,41.7,5,87,9
T20I,1,165,1,30,3,5.0,2,1,12,3,8.3,33.3,7,76,9
BPL,1,147,2,39,2,6.5,3,2,18,0,13.9,50.0,8,99,7
T20I,2,138,1,49,2,8.17,4,3,15,0,19.4,41.7,8,147,6
MLC,1,166,2,47,3,7.83,3,0,13,0,8.3,36.1,7,121,5
CPL,2,160,1,61,0,10.17,5,1,21,5,16.7,58.3,10,199,5
SA20,2,173,2,45,3,7.5,6,1,14,0,19.4,38.9,7,139,6
BPL,2,181,1,58,1,9.67,6,3,21,4,25.0,58.3,9,173,6
PSL,1,161,2,69,0,11.5,6,2,19,1,22.2,52.8,10,202,6
Super Smash,1,165,1,66,2,11.0,8,3,17,3,30.6,47.2,8,188,6
PSL,1,157,2,41,3,6.83,5,2,16,1,19.4,44.4,7,121,9
T20 World Cup,0,160,1,37,3,6.17,4,1,20,4,13.9,55.6,7,76,8
IPL,1,150,2,57,2,9.5,8,1,21,2,25.0,58.3,8,195,5
BBL,2,154,1,58,2,9.67,8,1,14,0,25.0,38.9,8,186,6
LPL,1,167,2,41,2,6.83,4,0,16,3,11.1,44.4,8,114,4
T20 World Cup,0,167,1,37,2,6.17,4,0,15,5,11.1,41.7,8,84,4
T20 World Cup,1,156,2,70,0,11.67,5,0,22,2,13.9,61.1,10,231,4
LPL,2,158,1,48,2,8.0,6,2,22,0,22.2,61.1,8,148,8
BPL,2,149,2,48,1,8.0,5,2,20,3,19.4,55.6,9,152,7
T20 World Cup,1,170,1,48,2,8.0,4,2,15,3,16.7,41.7,8,135,4
T20I,1,169,2,57,2,9.5,4,3,18,6,19.4,50.0,8,167,7
T20 Blast,1,144,1,54,2,9.0,6,1,17,3,19.4,47.2,8,142,5
BPL,0,160,2,43,2,7.17,6,1,18,1,19.4,50.0,8,98,4
CPL,1,149,1,62,1,10.33,8,0,19,5,22.2,52.8,9,180,7
PSL,0,178,2,34,2,5.67,2,1,20,0,8.3,55.6,8,105,4
SA20,2,157,1,65,3,10.83,6,3,13,2,25.0,36.1,7,198,5
T20 Blast,1,146,2,38,3,6.33,3,2,15,1,13.9,41.7,7,88,9
LPL,2,175,1,41,2,6.83,3,1,22,5,11.1,61.1,8,135,7
IPL,2,164,2,28,6,4.67,4,0,6,2,11.1,16.7,4,84,10
PSL,2,143,1,48,1,8.0,6,1,16,2,19.4,44.4,9,147,5
BBL,0,157,2,41,1,6.83,4,0,22,3,11.1,61.1,9,128,5
IPL,2,165,1,67,0,11.17,6,3,20,6,25.0,55.6,10,241,5
MLC,0,157,2,28,3,4.67,2,0,14,0,5.6,38.9,7,74,5
ILT20,1,140,1,18,6,3.0,2,1,13,5,8.3,36.1,4,51,8
IPL,1,148,2,53,0,8.83,7,1,21,2,22.2,58.3,10,176,5
T20I,1,149,1,54,4,9.0,5,1,16,3,16.7,44.4,6,124,6
T20 Blast,0,144,2,40,1,6.67,3,0,22,1,8.3,61.1,9,103,5
IPL,0,156,1,49,2,8.17,6,3,18,6,25.0,50.0,8,130,4
LPL,2,147,2,47,1,7.83,4,2,21,5,16.7,58.3,9,153,5
T20 World Cup,1,168,1,52,2,8.67,6,1,18,1,19.4,50.0,8,150,5
BBL,1,162,2,57,1,9.5,7,1,21,5,22.2,58.3,9,179,3
T20 Blast,2,177,1,41,3,6.83,4,2,22,5,16.7,61.1,7,110,7
T20 World Cup,0,148,2,55,1,9.17,4,2,19,6,16.7,52.8,9,157,3
MLC,2,159,1,47,4,7.83,4,0,13,2,11.1,36.1,6,126,10
BPL,2,173,2,22,5,3.67,3,0,14,4,8.3,38.9,5,41,7
T20 Blast,1,166,1,35,3,5.83,3,2,13,5,13.9,36.1,7,88,6
MLC,0,156,2,50,1,8.33,7,1,19,4,22.2,52.8,9,121,3
BBL,0,179,1,49,2,8.17,5,1,20,0,16.7,55.6,8,136,5
LPL,1,178,2,43,2,7.17,3,0,20,1,8.3,55.6,8,130,7
T20I,1,163,1,56,1,9.33,8,0,18,1,22.2,50.0,9,189,5
CPL,0,168,2,30,4,5.0,3,1,15,3,11.1,41.7,6,80,7
LPL,1,167,1,54,3,9.0,4,2,22,3,16.7,61.1,7,159,7
T20 World Cup,0,174,2,38,3,6.33,4,2,15,1,16.7,41.7,7,82,6
LPL,1,180,1,43,2,7.17,4,1,21,4,13.9,58.3,8,123,8
BPL,0,181,2,50,1,8.33,7,1,19,5,22.2,52.8,9,130,6
T20I,1,172,1,48,2,8.0,5,0,18,2,13.9,50.0,8,139,4
PSL,0,175,2,38,3,6.33,4,1,12,3,13.9,33.3,7,94,5
CPL,0,160,1,50,1,8.33,5,0,20,5,13.9,55.6,9,135,5
Super Smash,0,148,2,47,2,7.83,4,1,20,4,13.9,55.6,8,114,6
LPL,2,139,1,45,2,7.5,3,1,18,4,11.1,50.0,8,124,5
CPL,0,155,2,22,3,3.67,3,0,22,2,8.3,61.1,7,52,8
BPL,1,176,1,23,3,3.83,3,0,15,4,8.3,41.7,7,56,8
CPL,1,164,2,22,6,3.67,3,1,9,5,11.1,25.0,4,52,10
T20I,1,153,1,35,5,5.83,3,1,9,6,11.1,25.0,5,83,7
Super Smash,1,159,2,38,1,6.33,5,1,20,5,16.7,55.6,9,111,7
ILT20,2,178,1,35,4,5.83,2,2,11,4,11.1,30.6,6,107,7
LPL,1,142,2,52,3,8.67,7,3,14,1,27.8,38.9,7,145,7
BPL,2,170,1,38,3,6.33,3,0,16,1,8.3,44.4,7,98,5
PSL,1,146,2,48,3,8.0,4,3,14,4,19.4,38.9,7,140,6
IPL,2,170,1,61,1,10.17,6,2,22,4,22.2,61.1,9,206,6
Super Smash,1,162,2,43,1,7.17,5,0,19,5,13.9,52.8,9,123,6
IPL,1,162,1,79,2,13.17,7,3,19,4,27.8,52.8,8,265,7
PSL,2,158,2,65,2,10.83,7,1,18,5,22.2,50.0,8,193,8
BBL,2,164,1,48,2,8.0,6,0,15,3,16.7,41.7,8,163,6
T20 World Cup,2,141,2,50,0,8.33,6,3,22,1,25.0,61.1,10,149,5
LPL,1,157,1,29,4,4.83,2,1,16,2,8.3,44.4,6,84,8
MLC,0,172,2,33,3,5.5,4,2,13,1,16.7,36.1,7,85,7
BPL,1,179,1,59,1,9.83,8,3,16,6,30.6,44.4,9,190,4
T20 Blast,0,143,2,34,4,5.67,4,2,22,1,16.7,61.1,6,95,10
MLC,2,146,1,52,0,8.67,4,3,20,3,19.4,55.6,10,169,6
BBL,0,157,2,43,3,7.17,4,2,21,3,16.7,58.3,7,117,5
Super Smash,0,151,1,49,0,8.17,5,1,20,1,16.7,55.6,10,126,3
IPL,0,165,2,53,2,8.83,4,1,21,5,13.9,58.3,8,155,6
T20 World Cup,1,157,1,49,4,8.17,7,3,15,4,27.8,41.7,6,135,10
IPL,1,165,2,59,0,9.83,8,2,19,0,27.8,52.8,10,224,3
T20 Blast,2,148,1,57,1,9.5,8,1,16,6,25.0,44.4,9,177,5
T20 World Cup,1,141,2,59,0,9.83,7,2,20,5,25.0,55.6,10,183,2
PSL,1,168,1,46,1,7.67,5,1,22,6,16.7,61.1,9,138,6
T20I,0,160,2,29,4,4.83,4,0,19,4,11.1,52.8,6,66,8
LPL,0,148,1,33,5,5.5,4,2,15,4,16.7,41.7,5,87,10
T20I,1,161,2,51,3,8.5,7,2,18,0,25.0,50.0,7,150,8
MLC,2,157,1,52,2,8.67,4,3,15,2,19.4,41.7,8,142,6
Super Smash,1,163,2,63,1,10.5,8,0,21,6,22.2,58.3,9,185,7
ILT20,2,172,1,68,1,11.33,6,0,21,3,16.7,58.3,9,216,7
ILT20,0,144,2,35,3,5.83,4,0,13,5,11.1,36.1,7,94,6
T20 World Cup,0,140,1,53,2,8.83,5,1,20,2,16.7,55.6,8,135,4
T20 World Cup,2,173,2,43,3,7.17,5,0,20,3,13.9,55.6,7,117,7
LPL,0,158,1,34,4,5.67,3,1,14,4,11.1,38.9,6,58,6
BBL,0,144,2,51,1,8.5,7,0,18,0,19.4,50.0,9,144,4
SA20,1,166,1,65,3,10.83,5,1,18,1,16.7,50.0,7,172,6
MLC,2,144,2,52,1,8.67,7,1,21,6,22.2,58.3,9,165,3
CPL,1,170,1,52,3,8.67,6,1,14,2,19.4,38.9,7,133,6
BPL,0,139,2,42,2,7.0,5,2,19,0,19.4,52.8,8,114,7
CPL,2,159,1,52,2,8.67,5,0,21,3,13.9,58.3,8,156,8
LPL,2,167,2,41,2,6.83,5,0,20,4,13.9,55.6,8,111,7
T20 Blast,2,170,1,44,2,7.33,4,0,22,4,11.1,61.1,8,126,4
MLC,2,145,2,29,3,4.83,4,0,13,6,11.1,36.1,7,80,5
T20 World Cup,0,141,1,39,2,6.5,3,1,18,6,11.1,50.0,8,108,5
BPL,2,180,2,47,2,7.83,6,2,20,1,22.2,55.6,8,152,7
SA20,1,152,1,60,1,10.0,8,3,19,6,30.6,52.8,9,190,5
BBL,2,181,2,60,1,10.0,5,1,22,3,16.7,61.1,9,188,4
LPL,1,141,1,53,0,8.83,7,3,21,5,27.8,58.3,10,160,4
BPL,2,155,2,59,2,9.83,5,3,15,2,22.2,41.7,8,164,7
ILT20,1,175,1,65,1,10.83,9,1,18,4,27.8,50.0,9,196,5
T20 World Cup,1,171,2,62,1,10.33,7,1,22,5,22.2,61.1,9,197,5
T20I,1,139,1,38,3,6.33,4,2,14,6,16.7,38.9,7,107,7
T20 World Cup,2,151,2,34,3,5.67,3,1,13,0,11.1,36.1,7,102,7
LPL,1,168,1,53,2,8.83,4,0,14,2,11.1,38.9,8,136,8
PSL,0,153,2,33,1,5.5,2,0,16,5,5.6,44.4,9,90,4
IPL,2,158,1,77,0,12.83,10,1,19,1,30.6,52.8,10,265,5
ILT20,1,169,2,64,0,10.67,8,4,22,1,33.3,61.1,10,204,6
T20 Blast,1,142,1,40,3,6.67,3,0,12,4,8.3,33.3,7,112,7
ILT20,1,151,2,36,4,6.0,5,1,15,5,16.7,41.7,6,102,7
T20 Blast,2,178,1,42,2,7.0,3,2,20,4,13.9,55.6,8,113,7
T20I,2,181,2,46,3,7.67,3,1,16,6,11.1,44.4,7,135,5
LPL,2,175,1,42,2,7.0,3,0,15,2,8.3,41.7,8,139,5
LPL,1,157,2,45,1,7.5,3,1,19,4,11.1,52.8,9,127,6
Super Smash,2,154,1,32,3,5.33,3,2,21,6,13.9,58.3,7,94,6
PSL,1,180,2,43,4,7.17,3,2,19,3,13.9,52.8,6,120,8
SA20,1,163,1,45,2,7.5,3,1,18,1,11.1,50.0,8,140,5
T20I,1,166,2,25,4,4.17,3,1,13,5,11.1,36.1,6,57,8
BBL,0,145,1,58,1,9.67,5,2,18,3,19.4,50.0,9,166,4
Super Smash,1,140,2,52,2,8.67,4,0,22,1,11.1,61.1,8,128,4
IPL,0,138,1,60,0,10.0,6,2,22,4,22.2,61.1,10,198,6
T20I,0,151,2,37,2,6.17,4,2,18,0,16.7,50.0,8,72,7
LPL,1,155,1,59,1,9.83,8,1,17,2,25.0,47.2,9,176,6
BPL,1,158,2,54,1,9.0,4,1,20,5,13.9,55.6,9,143,4
LPL,0,168,1,42,1,7.0,4,2,16,5,16.7,44.4,9,115,4
T20 World Cup,1,144,2,55,1,9.17,6,0,21,6,16.7,58.3,9,156,7
IPL,1,153,1,50,3,8.33,7,1,16,2,22.2,44.4,7,158,9
IPL,0,158,2,51,1,8.5,7,3,19,2,27.8,52.8,9,161,5
BPL,1,145,1,50,2,8.33,5,1,22,6,16.7,61.1,8,122,6
LPL,1,154,2,58,1,9.67,8,0,19,2,22.2,52.8,9,167,3
CPL,1,158,1,58,1,9.67,7,1,22,3,22.2,61.1,9,180,5
LPL,1,153,2,42,3,7.0,4,0,16,3,11.1,44.4,7,112,8
SA20,1,180,1,47,1,7.83,5,2,21,1,19.4,58.3,9,163,4
T20 Blast,1,156,2,42,2,7.0,3,1,19,1,11.1,52.8,8,104,5
T20I,1,171,1,57,0,9.5,7,1,21,4,22.2,58.3,10,195,3
BPL,1,172,2,57,1,9.5,5,0,19,3,13.9,52.8,9,147,4
LPL,0,178,1,49,1,8.17,4,0,18,1,11.1,50.0,9,119,5
BBL,1,161,2,62,2,10.33,6,0,22,6,16.7,61.1,8,187,8
ILT20,0,159,1,40,2,6.67,5,2,16,3,19.4,44.4,8,99,7
T20I,1,147,2,40,3,6.67,3,1,19,0,11.1,52.8,7,104,9
IPL,2,172,1,45,2,7.5,3,2,16,5,13.9,44.4,8,145,7
T20 World Cup,2,181,2,40,5,6.67,4,2,22,6,16.7,61.1,5,98,10
T20I,1,153,1,47,3,7.83,3,2,12,5,13.9,33.3,7,143,6
ILT20,2,151,2,51,1,8.5,5,1,20,5,16.7,55.6,9,166,5
BPL,2,144,1,52,0,8.67,4,1,22,6,13.9,61.1,10,159,5
T20I,1,164,2,51,2,8.5,4,2,15,4,16.7,41.7,8,147,5
Super Smash,2,167,1,64,0,10.67,7,3,20,6,27.8,55.6,10,191,4
CPL,1,169,2,57,1,9.5,5,2,22,2,19.4,61.1,9,164,7
BBL,1,180,1,35,4,5.83,3,0,17,0,8.3,47.2,6,92,7
MLC,1,170,2,45,2,7.5,6,0,17,0,16.7,47.2,8,103,8
BBL,2,138,1,55,2,9.17,7,2,17,1,25.0,47.2,8,163,5
MLC,2,144,2,43,3,7.17,5,2,12,1,19.4,33.3,7,102,5
T20 Blast,1,152,1,56,1,9.33,4,2,19,4,16.7,52.8,9,154,6
MLC,1,150,2,47,2,7.83,4,0,22,5,11.1,61.1,8,140,8
PSL,0,164,1,54,1,9.0,5,3,20,2,22.2,55.6,9,134,5
ILT20,2,168,2,47,3,7.83,4,1,20,1,13.9,55.6,7,135,6
BPL,1,177,1,62,1,10.33,6,3,20,2,25.0,55.6,9,169,4
PSL,1,175,2,65,1,10.83,9,1,20,6,27.8,55.6,9,213,7
SA20,2,158,1,62,1,10.33,6,0,19,0,16.7,52.8,9,198,4
T20 World Cup,1,177,2,46,4,7.67,5,0,21,1,13.9,58.3,6,122,6
T20I,0,181,1,47,4,7.83,5,0,18,3,13.9,50.0,6,85,7
BBL,1,158,2,59,2,9.83,8,1,14,5,25.0,38.9,8,186,6
LPL,0,142,1,46,2,7.67,4,2,16,4,16.7,44.4,8,125,8
BBL,1,153,2,70,1,11.67,6,3,18,2,25.0,50.0,9,219,7
T20 World Cup,0,167,1,48,1,8.0,6,2,17,5,22.2,47.2,9,146,4
Super Smash,0,165,2,36,1,6.0,4,0,17,4,11.1,47.2,9,105,7
ILT20,1,162,1,41,3,6.83,5,2,19,4,19.4,52.8,7,101,8
SA20,1,170,2,47,1,7.83,5,0,22,1,13.9,61.1,9,138,5
SA20,1,141,1,47,3,7.83,4,2,13,0,16.7,36.1,7,120,7
BBL,2,148,2,69,0,11.5,5,1,20,0,16.7,55.6,10,228,4
T20 World Cup,2,173,1,65,2,10.83,5,4,19,2,25.0,52.8,8,205,6
ILT20,0,147,2,31,4,5.17,2,1,19,1,8.3,52.8,6,82,9
BBL,2,148,1,54,2,9.0,5,2,15,1,19.4,41.7,8,189,8
BPL,1,138,2,37,4,6.17,4,1,18,4,13.9,50.0,6,84,10
BBL,1,180,1,55,2,9.17,5,1,15,3,16.7,41.7,8,169,7
T20 World Cup,0,145,2,54,0,9.0,6,3,21,4,25.0,58.3,10,165,6
BPL,1,146,1,36,2,6.0,3,2,20,5,13.9,55.6,8,91,4
LPL,1,160,2,56,2,9.33,8,1,19,6,25.0,52.8,8,139,6
LPL,1,158,1,57,3,9.5,7,3,16,3,27.8,44.4,7,145,6
ILT20,0,139,2,48,0,8.0,4,0,21,3,11.1,58.3,10,130,3
BBL,1,154,1,56,1,9.33,8,3,21,0,30.6,58.3,9,173,4
BBL,2,151,2,44,2,7.33,3,2,19,1,13.9,52.8,8,149,8
BBL,1,166,1,61,1,10.17,8,1,19,5,25.0,52.8,9,197,3
MLC,0,150,2,45,2,7.5,6,1,18,0,19.4,50.0,8,106,7
BBL,2,177,1,53,1,8.83,5,1,19,6,16.7,52.8,9,186,6
BPL,2,150,2,54,2,9.0,5,1,16,3,16.7,44.4,8,154,6
Super Smash,0,164,1,42,2,7.0,3,0,17,6,8.3,47.2,8,95,7
BPL,2,163,2,50,2,8.33,7,3,14,2,27.8,38.9,8,144,8
BPL,1,170,1,49,2,8.17,7,0,20,5,19.4,55.6,8,144,5
PSL,1,181,2,45,2,7.5,6,1,19,5,19.4,52.8,8,141,5
MLC,1,174,1,45,0,7.5,4,2,22,1,16.7,61.1,10,142,4
T20 Blast,2,150,2,44,2,7.33,4,0,17,4,11.1,47.2,8,122,5
Super Smash,2,141,1,36,5,6.0,3,2,19,6,13.9,52.8,5,90,7
T20I,2,165,2,49,2,8.17,5,2,21,3,19.4,58.3,8,150,7
BPL,2,143,1,23,5,3.83,1,0,12,6,2.8,33.3,5,46,7
CPL,2,159,2,38,4,6.33,4,0,13,0,11.1,36.1,6,94,7
T20 Blast,0,169,1,31,3,5.17,3,1,22,1,11.1,61.1,7,62,6
PSL,1,177,2,48,2,8.0,6,1,14,4,19.4,38.9,8,122,8
ILT20,1,166,1,59,0,9.83,5,1,19,3,16.7,52.8,10,197,4
PSL,1,151,2,14,6,2.33,2,0,20,2,5.6,55.6,4,37,9
T20I,0,160,1,45,3,7.5,4,1,19,5,13.9,52.8,7,122,8
Super Smash,0,140,2,53,1,8.83,4,0,20,0,11.1,55.6,9,135,7
ILT20,1,157,1,51,2,8.5,6,0,20,2,16.7,55.6,8,144,4
CPL,1,138,2,50,2,8.33,5,2,20,4,19.4,55.6,8,134,7
PSL,0,145,1,47,4,7.83,5,2,15,1,19.4,41.7,6,113,7
BBL,0,161,2,56,1,9.33,8,0,18,3,22.2,50.0,9,153,6
IPL,0,181,1,39,5,6.5,3,2,9,6,13.9,25.0,5,87,9
PSL,1,180,2,33,5,5.5,3,1,11,2,11.1,30.6,5,89,8
SA20,0,141,1,43,1,7.17,3,2,16,3,13.9,44.4,9,133,3
T20 Blast,1,157,2,50,1,8.33,5,0,16,1,13.9,44.4,9,136,3
LPL,1,147,1,46,2,7.67,4,1,19,5,13.9,52.8,8,144,4
T20I,1,157,2,42,3,7.0,6,0,13,2,16.7,36.1,7,118,9
BPL,1,175,1,43,2,7.17,5,1,14,4,16.7,38.9,8,131,8
T20 World Cup,1,140,2,47,1,7.83,4,2,20,6,16.7,55.6,9,128,4
BPL,1,174,1,54,1,9.0,5,1,20,2,16.7,55.6,9,153,3
T20 Blast,2,154,2,63,0,10.5,9,3,18,6,33.3,50.0,10,205,4
Super Smash,2,166,1,48,4,8.0,6,1,14,6,19.4,38.9,6,137,9
Super Smash,2,169,2,48,1,8.0,6,3,18,2,25.0,50.0,9,122,3
CPL,1,179,1,53,1,8.83,4,2,19,5,16.7,52.8,9,138,4
T20I,1,152,2,65,2,10.83,6,3,22,5,25.0,61.1,8,185,5
Super Smash,0,166,1,60,1,10.0,5,2,19,0,19.4,52.8,9,147,6
ILT20,1,152,2,59,0,9.83,4,3,20,2,19.4,55.6,10,181,6
SA20,0,154,1,55,1,9.17,5,1,20,4,16.7,55.6,9,153,4
MLC,2,139,2,34,5,5.67,4,0,15,0,11.1,41.7,5,89,10
LPL,2,153,1,56,1,9.33,4,3,20,1,19.4,55.6,9,160,7
PSL,0,153,2,28,3,4.67,2,0,16,1,5.6,44.4,7,58,6
T20 Blast,2,152,1,39,3,6.5,5,0,15,6,13.9,41.7,7,98,6
MLC,0,176,2,42,3,7.0,4,0,19,5,11.1,52.8,7,115,5
T20 World Cup,1,171,1,30,5,5.0,2,1,17,4,8.3,47.2,5,73,10
SA20,0,178,2,36,3,6.0,4,1,15,5,13.9,41.7,7,90,5
PSL,1,175,1,36,4,6.0,3,1,22,1,11.1,61.1,6,103,8
IPL,1,174,2,56,2,9.33,6,3,21,0,25.0,58.3,8,190,4
T20 World Cup,1,160,1,63,1,10.5,8,0,17,4,22.2,47.2,9,195,7
T20 Blast,1,168,2,26,4,4.33,2,0,10,5,5.6,27.8,6,69,6
BBL,2,155,1,25,5,4.17,2,0,13,5,5.6,36.1,5,51,10
PSL,2,157,2,57,2,9.5,5,1,17,4,16.7,47.2,8,177,6
T20 World Cup,0,149,1,40,2,6.67,3,0,18,2,8.3,50.0,8,89,7
BBL,1,145,2,62,1,10.33,8,1,16,5,25.0,44.4,9,186,5
BBL,1,168,1,54,2,9.0,6,0,22,3,16.7,61.1,8,185,4
Super Smash,1,154,2,41,2,6.83,3,0,22,6,8.3,61.1,8,115,8
Super Smash,1,151,1,36,5,6.0,5,0,13,0,13.9,36.1,5,88,9
CPL,2,156,2,48,3,8.0,5,3,17,1,22.2,47.2,7,139,8
BBL,2,141,1,46,4,7.67,3,0,19,1,8.3,52.8,6,135,10
SA20,2,174,2,47,2,7.83,5,1,14,0,16.7,38.9,8,159,6
T20I,1,177,1,33,5,5.5,2,0,10,0,5.6,27.8,5,87,10
PSL,1,140,2,36,3,6.0,3,0,20,5,8.3,55.6,7,103,6
T20 Blast,2,144,1,53,1,8.83,7,2,16,2,25.0,44.4,9,148,6
MLC,1,179,2,56,1,9.33,4,0,22,1,11.1,61.1,9,168,5
MLC,1,166,1,56,0,9.33,8,1,19,6,25.0,52.8,10,171,3
SA20,1,178,2,35,4,5.83,4,1,18,5,13.9,50.0,6,92,10
T20 World Cup,1,176,1,61,2,10.17,5,1,16,6,16.7,44.4,8,182,8
BBL,0,139,2,46,1,7.67,5,1,20,0,16.7,55.6,9,130,4
LPL,2,161,1,52,1,8.67,5,3,21,1,22.2,58.3,9,152,5
T20 World Cup,0,161,2,54,2,9.0,5,0,15,6,13.9,41.7,8,137,6
BBL,0,157,1,30,3,5.0,2,0,14,1,5.6,38.9,7,71,7
IPL,2,150,2,37,5,6.17,3,0,9,6,8.3,25.0,5,120,10
CPL,1,158,1,53,2,8.83,7,1,21,2,22.2,58.3,8,151,7
BBL,1,164,2,51,2,8.5,4,3,19,3,19.4,52.8,8,161,6
MLC,1,139,1,57,2,9.5,6,2,19,5,22.2,52.8,8,171,7
LPL,1,150,2,63,0,10.5,8,0,19,4,22.2,52.8,10,191,6
SA20,0,162,1,40,3,6.67,3,0,22,1,8.3,61.1,7,89,6
SA20,1,145,2,37,5,6.17,4,1,21,1,13.9,58.3,5,91,9
LPL,0,140,1,50,0,8.33,4,1,22,5,13.9,61.1,10,136,3
PSL,1,181,2,32,3,5.33,4,2,17,4,16.7,47.2,7,90,7
CPL,2,179,1,36,3,6.0,5,0,18,0,13.9,50.0,7,84,6
Super Smash,2,165,2,54,2,9.0,5,2,19,0,19.4,52.8,8,143,5
T20 World Cup,1,167,1,54,2,9.0,7,2,18,6,25.0,50.0,8,163,6
SA20,2,177,2,35,5,5.83,3,1,9,0,11.1,25.0,5,86,9
BPL,1,150,1,48,0,8.0,6,3,19,6,25.0,52.8,10,143,5
LPL,1,147,2,53,2,8.83,7,2,22,0,25.0,61.1,8,140,5
CPL,0,161,1,36,3,6.0,4,2,18,2,16.7,50.0,7,90,8
PSL,1,140,2,54,2,9.0,6,0,22,2,16.7,61.1,8,137,8
PSL,1,156,1,47,1,7.83,5,1,16,1,16.7,44.4,9,143,5
PSL,2,173,2,39,4,6.5,3,1,20,1,11.1,55.6,6,94,10
PSL,0,181,1,49,1,8.17,5,0,19,5,13.9,52.8,9,124,5
CPL,1,150,2,46,1,7.67,6,2,17,0,22.2,47.2,9,122,6
BPL,2,161,1,48,2,8.0,4,0,15,6,11.1,41.7,8,137,7
MLC,2,177,2,36,3,6.0,5,1,18,6,16.7,50.0,7,107,8
MLC,1,148,1,41,4,6.83,4,2,17,2,16.7,47.2,6,122,9
T20 Blast,0,176,2,43,2,7.17,5,1,21,2,16.7,58.3,8,103,7
IPL,1,166,1,49,3,8.17,4,1,18,0,13.9,50.0,7,147,5
MLC,2,175,2,47,3,7.83,3,0,18,6,8.3,50.0,7,121,7
IPL,2,153,1,54,1,9.0,7,3,21,4,27.8,58.3,9,196,5
T20 Blast,1,177,2,39,4,6.5,4,1,17,5,13.9,47.2,6,100,7
Super Smash,0,180,1,48,1,8.0,6,2,21,1,22.2,58.3,9,113,7
Super Smash,0,142,2,32,3,5.33,2,0,19,6,5.6,52.8,7,66,8
LPL,1,171,1,50,2,8.33,6,1,16,1,19.4,44.4,8,139,5
PSL,1,167,2,35,4,5.83,3,2,21,4,13.9,58.3,6,99,6
LPL,0,145,1,36,3,6.0,4,2,20,2,16.7,55.6,7,92,9
ILT20,1,140,2,51,1,8.5,5,3,16,6,22.2,44.4,9,155,6
CPL,1,150,1,45,3,7.5,6,0,18,1,16.7,50.0,7,127,5
BPL,0,148,2,58,0,9.67,5,3,19,5,22.2,52.8,10,164,6
ILT20,0,168,1,31,2,5.17,3,1,17,5,11.1,47.2,8,92,7
BBL,1,176,2,59,1,9.83,5,0,18,0,13.9,50.0,9,191,6
MLC,1,153,1,65,1,10.83,8,4,22,1,33.3,61.1,9,178,5
ILT20,2,148,2,47,3,7.83,6,2,20,5,22.2,55.6,7,147,8
T20 Blast,1,143,1,36,1,6.0,5,2,21,0,19.4,58.3,9,102,6
MLC,1,177,2,40,3,6.67,5,1,20,4,16.7,55.6,7,108,8
MLC,2,165,1,48,3,8.0,5,3,21,2,22.2,58.3,7,136,5
T20 Blast,1,160,2,46,1,7.67,5,2,19,3,19.4,52.8,9,131,4
SA20,1,156,1,47,2,7.83,3,1,20,2,11.1,55.6,8,124,8
PSL,1,145,2,53,2,8.83,5,2,20,1,19.4,55.6,8,151,6
T20 Blast,0,155,1,56,2,9.33,7,1,19,4,22.2,52.8,8,130,6
LPL,1,176,2,55,2,9.17,4,0,16,2,11.1,44.4,8,146,7
SA20,1,166,1,51,2,8.5,6,2,22,6,22.2,61.1,8,123,5
Super Smash,2,172,2,11,6,1.83,0,0,22,1,0.0,61.1,4,26,10
T20 Blast,1,175,1,51,2,8.5,6,3,16,3,25.0,44.4,8,139,7
SA20,2,166,2,42,3,7.0,5,0,16,5,13.9,44.4,7,105,5
PSL,1,147,1,41,3,6.83,3,1,13,3,11.1,36.1,7,120,5
PSL,0,159,2,44,3,7.33,3,2,22,1,13.9,61.1,7,116,6
BBL,1,159,1,20,5,3.33,2,0,8,2,5.6,22.2,5,57,8
T20I,2,175,2,64,1,10.67,9,2,18,3,30.6,50.0,9,193,5
IPL,0,168,1,71,1,11.83,9,2,19,6,30.6,52.8,9,232,3
MLC,2,139,2,51,1,8.5,7,1,17,6,22.2,47.2,9,158,3
T20 World Cup,1,163,1,61,1,10.17,6,2,16,3,22.2,44.4,9,183,5
T20 World Cup,1,149,2,39,3,6.5,5,2,20,6,19.4,55.6,7,97,7
ILT20,2,168,1,50,3,8.33,4,1,18,3,13.9,50.0,7,162,5
T20I,2,173,2,36,4,6.0,3,2,18,1,13.9,50.0,6,104,8
SA20,0,142,1,40,2,6.67,3,1,17,4,11.1,47.2,8,94,7
BBL,0,168,2,38,3,6.33,4,2,21,0,16.7,58.3,7,98,5
IPL,1,161,1,58,2,9.67,7,3,17,1,27.8,47.2,8,194,6
T20 Blast,2,140,2,45,2,7.5,6,1,14,0,19.4,38.9,8,122,5
CPL,0,175,1,34,1,5.67,2,0,18,6,5.6,50.0,9,112,6
IPL,1,172,2,52,1,8.67,6,3,18,2,25.0,50.0,9,167,6
ILT20,0,158,1,22,5,3.67,3,1,19,2,11.1,52.8,5,47,8
IPL,1,167,2,58,2,9.67,5,3,19,2,22.2,52.8,8,196,7
CPL,1,163,1,55,2,9.17,4,3,18,4,19.4,50.0,8,142,4
T20 World Cup,0,180,2,39,4,6.5,3,1,19,4,11.1,52.8,6,105,6
LPL,1,153,1,51,2,8.5,7,2,14,1,25.0,38.9,8,141,6
Super Smash,2,175,2,51,4,8.5,5,3,22,4,22.2,61.1,6,135,6
T20 World Cup,2,161,1,56,0,9.33,4,1,22,3,13.9,61.1,10,191,5
ILT20,0,181,2,34,4,5.67,3,2,11,5,13.9,30.6,6,98,9
PSL,0,169,1,25,5,4.17,2,0,13,0,5.6,36.1,5,75,9
LPL,0,181,2,31,4,5.17,2,0,19,1,5.6,52.8,6,76,8
BPL,1,173,1,40,3,6.67,3,2,16,4,13.9,44.4,7,103,5
BPL,0,160,2,47,2,7.83,3,2,20,1,13.9,55.6,8,118,5
IPL,2,179,1,52,3,8.67,4,0,21,5,11.1,58.3,7,172,8
SA20,2,144,2,64,2,10.67,9,4,16,3,36.1,44.4,8,186,4
SA20,2,163,1,36,5,6.0,3,1,8,0,11.1,22.2,5,92,7
PSL,0,161,2,28,3,4.67,4,0,13,5,11.1,36.1,7,77,5
IPL,0,143,1,44,1,7.33,5,2,21,3,19.4,58.3,9,144,5
LPL,2,153,2,37,3,6.17,3,0,12,4,8.3,33.3,7,83,5
Super Smash,1,169,1,57,0,9.5,5,0,21,2,13.9,58.3,10,159,2
T20I,1,146,2,46,4,7.67,5,1,21,6,16.7,58.3,6,137,6
PSL,2,139,1,39,3,6.5,4,1,16,3,13.9,44.4,7,127,6
MLC,0,156,2,37,3,6.17,5,0,17,6,13.9,47.2,7,91,6
IPL,0,160,1,33,3,5.5,3,2,12,1,13.9,33.3,7,90,6
Super Smash,0,161,2,49,1,8.17,5,2,18,5,19.4,50.0,9,126,4
CPL,0,174,1,27,5,4.5,2,1,10,1,8.3,27.8,5,47,9
T20I,0,144,2,50,1,8.33,5,2,20,4,19.4,55.6,9,135,6
CPL,2,170,1,47,3,7.83,6,0,19,1,16.7,52.8,7,130,6
T20 Blast,1,156,2,55,1,9.17,6,0,17,0,16.7,47.2,9,146,3
T20 World Cup,2,138,1,58,2,9.67,6,1,22,5,19.4,61.1,8,158,7
T20I,2,158,2,55,2,9.17,6,3,17,2,25.0,47.2,8,167,7
BPL,2,172,1,24,6,4.0,2,1,12,6,8.3,33.3,4,61,9
IPL,0,139,2,47,2,7.83,5,1,20,1,16.7,55.6,8,143,4
T20I,1,143,1,34,3,5.67,2,0,21,1,5.6,58.3,7,102,5
ILT20,2,159,2,61,0,10.17,6,3,21,1,25.0,58.3,10,194,6
Super Smash,0,140,1,46,2,7.67,5,1,15,2,16.7,41.7,8,103,4
BPL,0,155,2,42,1,7.0,3,2,19,0,13.9,52.8,9,112,7
SA20,1,150,1,55,2,9.17,4,1,15,3,13.9,41.7,8,153,6
LPL,2,147,2,46,3,7.67,5,1,19,0,16.7,52.8,7,148,5
CPL,2,148,1,44,2,7.33,4,2,18,6,16.7,50.0,8,119,8
BPL,2,153,2,59,1,9.83,8,2,16,5,27.8,44.4,9,169,7
T20 World Cup,0,138,1,48,0,8.0,4,0,18,3,11.1,50.0,10,143,2
T20 World Cup,2,180,2,44,3,7.33,3,2,14,1,13.9,38.9,7,121,6
CPL,2,150,1,28,5,4.67,4,1,9,6,13.9,25.0,5,66,9
PSL,1,176,2,55,1,9.17,5,2,21,3,19.4,58.3,9,179,3
IPL,2,144,1,64,0,10.67,9,4,20,0,36.1,55.6,10,241,3
T20 Blast,2,139,2,45,0,7.5,5,0,21,4,13.9,58.3,10,148,3
T20 Blast,1,168,1,52,2,8.67,5,3,21,1,22.2,58.3,8,140,6
BBL,0,180,2,45,2,7.5,5,2,22,6,19.4,61.1,8,125,8
Super Smash,1,166,1,32,4,5.33,2,2,18,5,11.1,50.0,6,62,7
T20 Blast,0,146,2,39,2,6.5,4,0,17,5,11.1,47.2,8,84,4
T20I,0,157,1,32,2,5.33,4,2,15,2,16.7,41.7,8,92,8
LPL,0,144,2,38,3,6.33,3,1,15,4,11.1,41.7,7,97,8
MLC,1,181,1,63,2,10.5,6,1,14,4,19.4,38.9,8,176,6
LPL,1,175,2,44,3,7.33,3,0,16,3,8.3,44.4,7,112,6
ILT20,1,158,1,45,3,7.5,4,0,16,3,11.1,44.4,7,126,6
MLC,1,169,2,38,4,6.33,3,2,14,3,13.9,38.9,6,97,10
T20 World Cup,1,180,1,41,3,6.83,5,1,22,0,16.7,61.1,7,121,8
T20 Blast,1,150,2,38,2,6.33,4,2,14,3,16.7,38.9,8,116,6
CPL,0,143,1,42,2,7.0,5,2,21,6,19.4,58.3,8,99,5
SA20,2,147,2,48,2,8.0,4,3,16,4,19.4,44.4,8,150,7
BBL,1,153,1,34,4,5.67,2,2,16,3,11.1,44.4,6,108,9
CPL,0,166,2,43,3,7.17,3,2,17,1,13.9,47.2,7,104,9
Super Smash,2,155,1,53,1,8.83,4,3,18,1,19.4,50.0,9,172,3
IPL,1,171,2,40,4,6.67,3,1,17,5,11.1,47.2,6,114,7
BBL,0,142,1,54,2,9.0,4,0,20,4,11.1,55.6,8,139,8
BPL,0,166,2,48,1,8.0,5,3,19,3,22.2,52.8,9,133,5
ILT20,0,178,1,37,2,6.17,3,0,21,4,8.3,58.3,8,91,7
T20 World Cup,1,161,2,40,3,6.67,3,0,22,0,8.3,61.1,7,100,6
BPL,0,143,1,44,1,7.33,4,1,19,2,13.9,52.8,9,118,3
ILT20,1,164,2,50,2,8.33,7,1,21,5,22.2,58.3,8,158,7
ILT20,1,168,1,43,4,7.17,6,2,12,0,22.2,33.3,6,107,6
ILT20,2,158,2,47,3,7.83,3,0,12,1,8.3,33.3,7,154,7
SA20,1,149,1,31,3,5.17,4,0,19,5,11.1,52.8,7,97,7
LPL,1,147,2,37,3,6.17,5,0,12,3,13.9,33.3,7,109,6
SA20,1,175,1,18,5,3.0,2,1,14,0,8.3,38.9,5,34,10
T20 World Cup,0,163,2,48,1,8.0,4,1,19,1,13.9,52.8,9,146,6
T20I,0,142,1,40,4,6.67,4,0,22,5,11.1,61.1,6,97,10
IPL,1,166,2,82,0,13.67,8,1,21,4,25.0,58.3,10,265,4
BBL,0,152,1,52,0,8.67,7,1,20,1,22.2,55.6,10,136,3
T20 World Cup,0,178,2,52,2,8.67,6,3,22,5,25.0,61.1,8,127,8
Super Smash,0,149,1,45,3,7.5,3,2,20,0,13.9,55.6,7,112,5
BBL,2,171,2,53,1,8.83,6,2,22,4,22.2,61.1,9,187,4
SA20,1,140,1,58,2,9.67,8,3,15,0,30.6,41.7,8,188,5
SA20,1,139,2,46,2,7.67,4,0,17,6,11.1,47.2,8,127,7
IPL,1,160,1,75,1,12.5,8,4,20,0,33.3,55.6,9,246,5
SA20,0,177,2,54,1,9.0,6,2,20,1,22.2,55.6,9,146,7
IPL,1,140,1,52,3,8.67,6,1,21,2,19.4,58.3,7,148,6
Super Smash,0,141,2,45,1,7.5,4,2,20,1,16.7,55.6,9,114,6
BBL,2,143,1,44,2,7.33,4,1,22,4,13.9,61.1,8,148,6
T20I,0,163,2,34,2,5.67,4,2,16,4,16.7,44.4,8,85,8
T20 World Cup,1,149,1,61,2,10.17,7,3,20,2,27.8,55.6,8,172,8
CPL,2,174,2,53,3,8.83,4,0,15,3,11.1,41.7,7,148,7
IPL,1,139,1,43,4,7.17,6,2,13,5,22.2,36.1,6,137,9
SA20,1,173,2,11,6,1.83,1,0,21,1,2.8,58.3,4,26,8
BPL,1,162,1,53,1,8.83,4,1,17,5,13.9,47.2,9,161,6
MLC,2,176,2,59,1,9.83,5,0,19,5,13.9,52.8,9,181,5
ILT20,1,145,1,22,6,3.67,1,0,13,1,2.8,36.1,4,63,10
IPL,1,149,2,44,4,7.33,3,0,10,2,8.3,27.8,6,132,7
LPL,2,181,1,53,3,8.83,6,1,19,4,19.4,52.8,7,156,8
T20 World Cup,1,176,2,47,3,7.83,4,0,17,0,11.1,47.2,7,143,6
T20 Blast,1,140,1,46,0,7.67,4,1,19,5,13.9,52.8,10,133,3
PSL,0,142,2,47,1,7.83,6,2,17,2,22.2,47.2,9,124,5
Super Smash,0,165,1,41,2,6.83,5,2,17,0,19.4,47.2,8,93,6
MLC,2,172,2,42,2,7.0,5,2,16,0,19.4,44.4,8,106,8
SA20,1,169,1,54,4,9.0,6,0,12,6,16.7,33.3,6,173,10
SA20,1,152,2,57,2,9.5,7,2,14,0,25.0,38.9,8,163,8
LPL,1,166,1,50,2,8.33,4,0,21,3,11.1,58.3,8,127,6
MLC,1,147,2,51,2,8.5,7,3,17,3,27.8,47.2,8,152,6
BPL,1,172,1,43,4,7.17,3,1,15,0,11.1,41.7,6,120,7
ILT20,1,143,2,42,3,7.0,6,0,15,4,16.7,41.7,7,108,5
PSL,1,153,1,47,2,7.83,4,1,18,4,13.9,50.0,8,142,7
PSL,1,144,2,34,4,5.67,2,1,10,4,8.3,27.8,6,106,9
T20I,1,155,1,36,3,6.0,5,2,16,0,19.4,44.4,7,94,6
IPL,2,143,2,55,2,9.17,5,0,16,1,13.9,44.4,8,185,4
MLC,0,167,1,52,2,8.67,7,0,21,3,19.4,58.3,8,124,4
PSL,0,138,2,34,3,5.67,3,0,15,4,8.3,41.7,7,75,6
IPL,1,171,1,48,1,8.0,4,1,20,0,13.9,55.6,9,144,5
PSL,1,168,2,61,0,10.17,5,3,20,6,22.2,55.6,10,199,6
PSL,1,153,1,40,4,6.67,5,2,13,6,19.4,36.1,6,118,6
MLC,1,178,2,41,3,6.83,5,1,12,5,16.7,33.3,7,123,7
T20 Blast,2,149,1,49,2,8.17,5,3,18,6,22.2,50.0,8,136,8
ILT20,1,154,2,46,2,7.67,3,1,18,5,11.1,50.0,8,137,4
CPL,0,163,1,51,0,8.5,6,0,20,0,16.7,55.6,10,134,4
T20I,0,171,2,43,4,7.17,3,2,18,4,13.9,50.0,6,102,6
MLC,2,160,1,50,1,8.33,7,3,17,3,27.8,47.2,9,150,5
SA20,0,159,2,44,2,7.33,4,2,20,3,16.7,55.6,8,124,7
BPL,2,175,1,49,1,8.17,7,0,18,0,19.4,50.0,9,146,3
BPL,1,146,2,34,3,5.67,2,0,12,6,5.6,33.3,7,85,9
Super Smash,0,152,1,58,0,9.67,6,1,20,5,19.4,55.6,10,163,2
T20I,1,165,2,60,3,10.0,7,2,13,1,25.0,36.1,7,161,6
BPL,1,178,1,54,0,9.0,4,1,22,6,13.9,61.1,10,165,6
ILT20,1,181,2,58,3,9.67,5,2,20,0,19.4,55.6,7,189,5
BPL,2,163,1,33,5,5.5,2,2,13,4,11.1,36.1,5,80,10
CPL,1,144,2,53,2,8.83,4,1,19,1,13.9,52.8,8,165,5
BBL,1,174,1,60,1,10.0,8,1,19,2,25.0,52.8,9,186,4
T20I,1,139,2,50,3,8.33,6,2,16,3,22.2,44.4,7,127,5
CPL,2,144,1,46,2,7.67,3,2,16,5,13.9,44.4,8,148,7
Super Smash,1,140,2,42,3,7.0,3,2,20,6,13.9,55.6,7,99,9
BPL,0,168,1,36,3,6.0,3,0,18,3,8.3,50.0,7,80,6
T20I,1,147,2,38,1,6.33,5,2,20,0,19.4,55.6,9,131,5
Super Smash,2,156,1,45,2,7.5,4,2,16,0,16.7,44.4,8,133,6
SA20,0,170,2,30,4,5.0,3,0,15,5,8.3,41.7,6,87,8
T20 World Cup,2,156,1,44,3,7.33,5,2,15,0,19.4,41.7,7,123,8
T20I,1,164,2,41,3,6.83,4,1,17,3,13.9,47.2,7,107,6
BBL,1,152,1,28,5,4.67,2,0,22,4,5.6,61.1,5,88,8
Super Smash,1,163,2,38,3,6.33,3,2,12,6,13.9,33.3,7,93,8
IPL,2,176,1,40,3,6.67,3,1,18,2,11.1,50.0,7,129,7
T20 Blast,0,172,2,44,3,7.33,6,2,21,6,22.2,58.3,7,91,8
Super Smash,1,154,1,32,3,5.33,2,0,17,1,5.6,47.2,7,74,6
PSL,1,154,2,27,4,4.5,2,0,20,4,5.6,55.6,6,69,9
PSL,1,178,1,45,2,7.5,5,1,19,5,16.7,52.8,8,134,6
LPL,1,153,2,49,1,8.17,5,2,21,0,19.4,58.3,9,149,7
BBL,0,171,1,35,3,5.83,5,0,22,3,13.9,61.1,7,94,6
Super Smash,0,151,2,29,3,4.83,4,0,12,0,11.1,33.3,7,63,9
PSL,0,141,1,33,4,5.5,2,2,20,1,11.1,55.6,6,89,10
ILT20,1,155,2,25,4,4.17,2,1,11,6,8.3,30.6,6,56,6
ILT20,1,138,1,43,2,7.17,6,0,14,1,16.7,38.9,8,132,4
ILT20,1,141,2,22,6,3.67,2,1,18,1,8.3,50.0,4,62,10
CPL,1,161,1,54,0,9.0,4,2,22,3,16.7,61.1,10,175,6
Super Smash,1,159,2,48,1,8.0,4,2,16,1,16.7,44.4,9,124,7
LPL,1,173,1,64,1,10.67,5,2,16,3,19.4,44.4,9,187,3
BBL,1,142,2,45,3,7.5,3,2,13,4,13.9,36.1,7,125,7
PSL,1,158,1,37,5,6.17,3,0,13,2,8.3,36.1,5,93,8
ILT20,1,150,2,28,6,4.67,3,0,22,3,8.3,61.1,4,71,8
CPL,1,151,1,58,1,9.67,8,1,18,3,25.0,50.0,9,171,3
IPL,1,150,2,64,0,10.67,5,4,22,5,25.0,61.1,10,220,3
BPL,0,138,1,31,3,5.17,4,1,15,2,13.9,41.7,7,63,7
BPL,2,158,2,46,1,7.67,4,0,17,6,11.1,47.2,9,141,4
T20 Blast,1,155,1,50,1,8.33,7,2,21,1,25.0,58.3,9,146,6
PSL,1,145,2,64,2,10.67,8,2,18,5,27.8,50.0,8,184,8
T20 World Cup,0,139,1,53,2,8.83,5,0,16,5,13.9,44.4,8,146,4
T20 Blast,1,149,2,31,3,5.17,4,0,15,0,11.1,41.7,7,82,9
MLC,1,144,1,54,1,9.0,5,2,20,4,19.4,55.6,9,153,6
T20 Blast,1,173,2,34,4,5.67,3,2,21,1,13.9,58.3,6,79,9
BPL,1,166,1,42,5,7.0,3,0,12,6,8.3,33.3,5,109,10
T20 Blast,1,158,2,41,4,6.83,5,1,15,4,16.7,41.7,6,101,10
BPL,2,139,1,41,3,6.83,3,1,14,1,11.1,38.9,7,111,8
MLC,1,156,2,44,3,7.33,4,0,20,5,11.1,55.6,7,142,5
CPL,2,153,1,35,3,5.83,5,0,18,0,13.9,50.0,7,81,8
T20 Blast,1,163,2,48,4,8.0,5,3,21,6,22.2,58.3,6,114,6
BBL,1,181,1,54,2,9.0,6,1,21,0,19.4,58.3,8,157,8
CPL,2,169,2,57,1,9.5,6,0,17,3,16.7,47.2,9,180,3
T20I,0,146,1,45,2,7.5,5,1,15,6,16.7,41.7,8,109,8
MLC,2,152,2,50,1,8.33,5,2,18,2,19.4,50.0,9,139,3
BPL,2,181,1,44,2,7.33,4,1,19,2,13.9,52.8,8,127,6
T20 World Cup,1,162,2,52,2,8.67,5,3,19,0,22.2,52.8,8,150,5
T20I,1,172,1,38,2,6.33,5,2,14,3,19.4,38.9,8,122,8
Super Smash,1,155,2,49,2,8.17,7,0,17,4,19.4,47.2,8,134,8
T20 Blast,1,179,1,44,3,7.33,5,2,12,6,19.4,33.3,7,102,8
Super Smash,2,150,2,37,1,6.17,4,0,17,3,11.1,47.2,9,110,5
T20 World Cup,0,169,1,58,0,9.67,4,3,18,5,19.4,50.0,10,167,6
PSL,1,147,2,41,1,6.83,5,1,20,5,16.7,55.6,9,137,5
T20 World Cup,1,174,1,41,4,6.83,4,0,13,3,11.1,36.1,6,112,9
IPL,2,158,2,25,6,4.17,2,0,20,5,5.6,55.6,4,79,10
ILT20,1,160,1,23,4,3.83,2,1,16,4,8.3,44.4,6,55,6
BPL,1,177,2,48,3,8.0,6,3,17,5,25.0,47.2,7,135,6
IPL,0,171,1,64,0,10.67,7,1,21,2,22.2,58.3,10,186,6
SA20,0,175,2,29,5,4.83,4,0,20,4,11.1,55.6,5,68,7
BPL,0,153,1,27,3,4.5,3,0,19,0,8.3,52.8,7,62,5
T20 Blast,0,143,2,27,5,4.5,2,1,22,0,8.3,61.1,5,49,10
BBL,2,146,1,48,1,8.0,5,3,17,3,22.2,47.2,9,146,6
T20 World Cup,2,168,2,60,1,10.0,6,2,17,3,22.2,47.2,9,190,3
LPL,2,178,1,44,2,7.33,4,0,14,5,11.1,38.9,8,129,7
BBL,0,155,2,43,2,7.17,3,1,20,4,11.1,55.6,8,110,6
BBL,0,174,1,11,6,1.83,1,1,11,1,5.6,30.6,4,33,8
ILT20,1,155,2,42,5,7.0,5,1,10,6,16.7,27.8,5,115,7
SA20,1,165,1,56,1,9.33,6,1,18,2,19.4,50.0,9,174,6
Super Smash,1,177,2,32,3,5.33,2,0,19,6,5.6,52.8,7,80,7
SA20,1,165,1,64,0,10.67,9,3,20,0,33.3,55.6,10,221,3
MLC,0,149,2,45,1,7.5,5,0,20,6,13.9,55.6,9,132,3
ILT20,1,177,1,45,3,7.5,4,0,15,2,11.1,41.7,7,125,8
T20I,1,171,2,42,4,7.0,4,0,11,0,11.1,30.6,6,104,10
T20 Blast,0,157,1,32,5,5.33,4,0,20,6,11.1,55.6,5,80,9
SA20,1,162,2,48,1,8.0,6,3,18,2,25.0,50.0,9,154,5
CPL,2,165,1,24,5,4.0,2,1,9,1,8.3,25.0,5,55,10
T20 Blast,0,143,2,40,0,6.67,5,0,19,0,13.9,52.8,10,96,3
T20I,1,177,1,37,4,6.17,5,1,14,4,16.7,38.9,6,100,10
Super Smash,2,161,2,57,1,9.5,7,2,17,3,25.0,47.2,9,169,3
Super Smash,1,170,1,47,3,7.83,5,2,20,2,19.4,55.6,7,113,8
BBL,2,164,2,55,3,9.17,5,0,13,6,13.9,36.1,7,183,6
PSL,1,144,1,57,1,9.5,4,2,19,1,16.7,52.8,9,176,6
T20 World Cup,1,181,2,60,1,10.0,8,3,22,5,30.6,61.1,9,175,6
T20I,1,166,1,56,0,9.33,4,3,18,3,19.4,50.0,10,188,3
BPL,0,178,2,40,4,6.67,5,2,19,1,19.4,52.8,6,96,9
T20 World Cup,0,171,1,39,2,6.5,4,1,18,3,13.9,50.0,8,105,5
SA20,1,156,2,34,3,5.67,2,1,17,5,8.3,47.2,7,91,9
PSL,1,153,1,57,2,9.5,7,2,14,4,25.0,38.9,8,177,8
CPL,0,138,2,51,1,8.5,7,3,17,4,27.8,47.2,9,129,7
T20 Blast,1,153,1,44,2,7.33,4,1,18,0,13.9,50.0,8,121,6
CPL,1,156,2,37,4,6.17,3,2,10,3,13.9,27.8,6,97,7
SA20,1,140,1,55,1,9.17,7,1,17,0,22.2,47.2,9,153,3
BPL,2,181,2,37,3,6.17,3,2,19,5,13.9,52.8,7,116,8
ILT20,0,161,1,53,0,8.83,6,2,21,4,22.2,58.3,10,146,2
Super Smash,2,161,2,34,3,5.67,4,2,20,4,16.7,55.6,7,104,5
MLC,1,168,1,49,0,8.17,6,1,21,5,19.4,58.3,10,173,4
ILT20,2,167,2,51,2,8.5,7,0,18,2,19.4,50.0,8,149,8
BBL,1,150,1,61,1,10.17,5,2,21,5,19.4,58.3,9,197,4
T20I,1,142,2,51,1,8.5,6,0,17,2,16.7,47.2,9,166,6
ILT20,2,152,1,59,1,9.83,8,1,22,4,25.0,61.1,9,188,4
SA20,1,180,2,46,2,7.67,4,1,16,0,13.9,44.4,8,147,7
IPL,0,151,1,46,3,7.67,6,1,14,4,19.4,38.9,7,135,8
IPL,1,151,2,48,2,8.0,4,3,21,6,19.4,58.3,8,145,4
PSL,2,140,1,50,2,8.33,5,3,14,4,22.2,38.9,8,147,7
BPL,1,180,2,46,3,7.67,5,0,14,2,13.9,38.9,7,121,9
Super Smash,2,161,1,59,0,9.83,8,3,19,0,30.6,52.8,10,158,3
MLC,1,145,2,31,4,5.17,4,0,10,1,11.1,27.8,6,95,9
T20 World Cup,1,152,1,47,2,7.83,4,2,21,0,16.7,58.3,8,110,8
Super Smash,0,177,2,35,2,5.83,4,1,17,4,13.9,47.2,8,70,4
Super Smash,1,139,1,38,3,6.33,4,0,22,4,11.1,61.1,7,98,8
BPL,0,152,2,33,4,5.5,2,2,11,4,11.1,30.6,6,72,7
BPL,2,176,1,58,2,9.67,8,0,20,6,22.2,55.6,8,157,8
CPL,1,170,2,53,1,8.83,7,1,18,0,22.2,50.0,9,147,5
LPL,1,180,1,35,4,5.83,2,1,19,6,8.3,52.8,6,102,10
CPL,0,143,2,34,0,5.67,4,2,20,4,16.7,55.6,10,79,2
IPL,1,169,1,51,2,8.5,7,2,20,0,25.0,55.6,8,168,5
CPL,0,154,2,37,2,6.17,5,2,21,1,19.4,58.3,8,97,8
IPL,1,158,1,54,3,9.0,4,3,20,1,19.4,55.6,7,162,5
T20 Blast,2,156,2,25,6,4.17,3,1,14,1,11.1,38.9,4,40,10
T20 Blast,2,158,1,42,3,7.0,4,1,22,1,13.9,61.1,7,116,5
MLC,2,155,2,48,2,8.0,4,1,19,6,13.9,52.8,8,140,6
Super Smash,2,154,1,53,3,8.83,7,2,21,5,25.0,58.3,7,139,5
T20I,1,159,2,28,3,4.67,3,0,12,0,8.3,33.3,7,72,7
BPL,0,180,1,40,1,6.67,3,0,18,4,8.3,50.0,9,112,7
SA20,2,163,2,58,1,9.67,8,2,22,4,27.8,61.1,9,193,6
ILT20,2,146,1,34,2,5.67,2,1,19,0,8.3,52.8,8,110,6
T20I,2,156,2,53,1,8.83,7,0,16,3,19.4,44.4,9,182,6
T20I,1,158,1,65,1,10.83,7,1,16,3,22.2,44.4,9,224,4
Super Smash,0,155,2,44,1,7.33,6,1,18,1,19.4,50.0,9,108,7
BPL,1,144,1,53,1,8.83,5,2,18,3,19.4,50.0,9,156,6
SA20,1,142,2,51,2,8.5,7,1,19,5,22.2,52.8,8,152,5
T20 Blast,2,168,1,50,2,8.33,6,0,16,3,16.7,44.4,8,133,8
T20 Blast,1,149,2,24,4,4.0,3,0,10,6,8.3,27.8,6,71,8
IPL,1,150,1,44,3,7.33,4,2,22,5,16.7,61.1,7,135,6
ILT20,0,165,2,63,0,10.5,5,1,19,6,16.7,52.8,10,192,4
IPL,2,148,1,59,1,9.83,4,1,20,6,13.9,55.6,9,196,5
BPL,2,176,2,61,1,10.17,5,3,17,2,22.2,47.2,9,181,7
BBL,0,149,1,25,5,4.17,2,1,20,4,8.3,55.6,5,46,9
CPL,1,169,2,44,2,7.33,6,1,21,4,19.4,58.3,8,113,4
SA20,1,177,1,47,2,7.83,6,2,15,4,22.2,41.7,8,125,8
T20I,1,159,2,60,1,10.0,7,3,20,2,27.8,55.6,9,188,7
IPL,2,172,1,44,3,7.33,3,1,14,5,11.1,38.9,7,127,7
IPL,0,162,2,50,3,8.33,6,1,19,4,19.4,52.8,7,135,9
CPL,1,157,1,26,6,4.33,2,1,19,3,8.3,52.8,4,58,8
MLC,0,146,2,20,5,3.33,1,0,14,4,2.8,38.9,5,35,9
CPL,0,149,1,17,3,2.83,1,0,15,6,2.8,41.7,7,40,9
T20I,2,141,2,37,3,6.17,3,0,13,3,8.3,36.1,7,109,7
BBL,2,139,1,47,2,7.83,5,0,19,6,13.9,52.8,8,146,6
T20 Blast,0,172,2,60,1,10.0,7,3,16,5,27.8,44.4,9,160,7
IPL,1,168,1,77,2,12.83,6,3,18,2,25.0,50.0,8,243,4
T20 Blast,0,163,2,34,3,5.67,4,0,22,1,11.1,61.1,7,62,7
MLC,0,179,1,41,3,6.83,3,0,22,3,8.3,61.1,7,103,9
BPL,1,139,2,52,2,8.67,4,0,19,2,11.1,52.8,8,138,5
BBL,0,149,1,37,3,6.17,5,1,22,2,16.7,61.1,7,94,5
LPL,1,154,2,54,3,9.0,4,0,20,6,11.1,55.6,7,138,6
CPL,2,168,1,25,5,4.17,3,1,22,2,11.1,61.1,5,76,7
Super Smash,1,174,2,36,2,6.0,5,2,15,0,19.4,41.7,8,103,6
LPL,1,178,1,20,6,3.33,2,1,6,5,8.3,16.7,4,37,10
MLC,1,166,2,41,2,6.83,5,1,14,5,16.7,38.9,8,108,5
BBL,0,169,1,58,0,9.67,6,3,19,0,25.0,52.8,10,152,4
T20 Blast,0,145,2,34,3,5.67,2,0,20,1,5.6,55.6,7,67,5
T20 World Cup,1,180,1,58,2,9.67,4,0,18,3,11.1,50.0,8,166,6
T20I,0,179,2,48,2,8.0,5,3,22,4,22.2,61.1,8,108,5
LPL,2,139,1,41,4,6.83,3,1,14,2,11.1,38.9,6,115,7
CPL,2,179,2,54,1,9.0,5,2,22,4,19.4,61.1,9,162,3
T20 Blast,2,167,1,54,4,9.0,6,1,10,2,19.4,27.8,6,142,9
ILT20,1,161,2,58,0,9.67,7,3,22,5,27.8,61.1,10,207,4
LPL,1,155,1,45,2,7.5,4,1,22,2,13.9,61.1,8,125,8
T20I,1,146,2,21,5,3.5,3,1,15,6,11.1,41.7,5,59,10
Super Smash,1,149,1,39,4,6.5,3,0,14,2,8.3,38.9,6,85,6
BBL,1,148,2,22,5,3.67,1,1,22,1,5.6,61.1,5,62,10
T20 Blast,2,138,1,52,2,8.67,6,1,21,1,19.4,58.3,8,151,6
MLC,2,169,2,54,3,9.0,4,0,18,1,11.1,50.0,7,155,5
T20I,1,151,1,48,3,8.0,4,2,14,1,16.7,38.9,7,130,9
BPL,0,148,2,44,2,7.33,6,2,16,6,22.2,44.4,8,98,4
MLC,1,168,1,41,3,6.83,4,1,12,4,13.9,33.3,7,110,9
IPL,1,159,2,67,1,11.17,7,0,16,2,19.4,44.4,9,212,7
BPL,1,156,1,66,1,11.0,9,1,22,2,27.8,61.1,9,182,5
LPL,1,155,2,40,3,6.67,5,2,20,6,19.4,55.6,7,99,5
MLC,2,155,1,44,3,7.33,4,0,19,1,11.1,52.8,7,133,6
T20 World Cup,1,171,2,28,5,4.67,2,0,14,2,5.6,38.9,5,71,8
Super Smash,2,139,1,42,2,7.0,4,1,18,5,13.9,50.0,8,126,8
T20I,2,138,2,48,1,8.0,5,3,20,1,22.2,55.6,9,138,4
IPL,1,166,1,57,1,9.5,6,3,22,1,25.0,61.1,9,206,3
SA20,1,142,2,56,2,9.33,4,1,21,6,13.9,58.3,8,161,4
LPL,1,157,1,42,2,7.0,3,0,22,5,8.3,61.1,8,105,4
BPL,2,170,2,47,3,7.83,4,0,20,1,11.1,55.6,7,114,5
MLC,1,153,1,49,2,8.17,6,3,22,1,25.0,61.1,8,139,7
T20I,2,179,2,33,3,5.5,2,1,15,5,8.3,41.7,7,96,9
MLC,1,178,1,49,1,8.17,6,0,18,2,16.7,50.0,9,138,5
BBL,1,164,2,47,2,7.83,6,2,14,5,22.2,38.9,8,149,8
SA20,1,140,1,51,2,8.5,5,1,20,2,16.7,55.6,8,156,5
SA20,2,149,2,66,1,11.0,8,3,20,4,30.6,55.6,9,211,7
BBL,1,144,1,55,1,9.17,7,0,19,4,19.4,52.8,9,171,5
BBL,1,165,2,37,6,6.17,4,0,18,1,11.1,50.0,4,86,10
BPL,0,163,1,57,1,9.5,6,3,18,2,25.0,50.0,9,144,6
MLC,2,180,2,54,1,9.0,7,3,20,4,27.8,55.6,9,173,3
MLC,1,146,1,37,4,6.17,3,0,17,5,8.3,47.2,6,98,8
T20 Blast,1,149,2,39,3,6.5,3,0,17,2,8.3,47.2,7,95,9
CPL,1,167,1,38,3,6.33,4,0,19,6,11.1,52.8,7,91,9
T20 World Cup,1,178,2,39,4,6.5,5,1,20,1,16.7,55.6,6,114,10
BBL,2,152,1,24,6,4.0,2,1,16,6,8.3,44.4,4,48,9
T20I,1,155,2,50,2,8.33,5,3,20,3,22.2,55.6,8,155,7
T20 World Cup,1,174,1,48,1,8.0,5,2,21,1,19.4,58.3,9,150,5
T20 Blast,0,173,2,45,2,7.5,4,0,14,6,11.1,38.9,8,111,6
PSL,0,173,1,52,1,8.67,6,1,20,1,19.4,55.6,9,126,4
MLC,1,178,2,44,3,7.33,3,0,22,6,8.3,61.1,7,121,7
T20 World Cup,2,171,1,62,0,10.33,6,0,22,2,16.7,61.1,10,210,3
CPL,2,145,2,60,1,10.0,6,1,16,0,19.4,44.4,9,180,3
PSL,1,173,1,48,4,8.0,6,3,12,3,25.0,33.3,6,120,9
ILT20,1,154,2,58,1,9.67,6,3,22,4,25.0,61.1,9,171,6
Super Smash,1,181,1,45,3,7.5,3,2,17,2,13.9,47.2,7,137,5
T20I,0,169,2,58,1,9.67,8,1,21,5,25.0,58.3,9,151,6
CPL,0,160,1,36,3,6.0,4,0,17,4,11.1,47.2,7,93,5
PSL,1,155,2,38,5,6.33,5,0,22,5,13.9,61.1,5,103,7
BPL,1,170,1,36,3,6.0,3,2,19,0,13.9,52.8,7,95,6
PSL,0,153,2,38,3,6.33,5,0,18,3,13.9,50.0,7,95,9
PSL,1,157,1,26,3,4.33,3,0,22,5,8.3,61.1,7,79,9
CPL,0,139,2,48,2,8.0,5,2,17,6,19.4,47.2,8,111,7
SA20,1,171,1,65,0,10.83,7,4,18,5,30.6,50.0,10,220,6
T20I,2,147,2,54,3,9.0,6,3,20,3,25.0,55.6,7,149,5
T20 World Cup,1,180,1,47,3,7.83,3,0,19,2,8.3,52.8,7,136,9
PSL,1,155,2,47,3,7.83,3,1,15,4,11.1,41.7,7,140,7
T20 Blast,1,147,1,38,3,6.33,4,0,12,0,11.1,33.3,7,102,5
BPL,1,176,2,43,4,7.17,5,1,18,5,16.7,50.0,6,107,10
PSL,0,156,1,47,1,7.83,6,2,22,3,22.2,61.1,9,117,5
CPL,1,162,2,29,6,4.83,2,1,15,2,8.3,41.7,4,56,9
BPL,1,156,1,49,1,8.17,6,1,20,3,19.4,55.6,9,129,5
BBL,0,174,2,44,2,7.33,5,1,15,3,16.7,41.7,8,105,8
CPL,1,164,1,39,2,6.5,3,0,19,3,8.3,52.8,8,115,6
PSL,1,167,2,61,2,10.17,5,2,17,0,19.4,47.2,8,187,7
MLC,0,169,1,12,6,2.0,1,1,13,3,5.6,36.1,4,29,10
MLC,1,160,2,38,5,6.33,5,0,10,2,13.9,27.8,5,96,10
T20 World Cup,1,167,1,43,3,7.17,4,1,18,2,13.9,50.0,7,109,6
T20 Blast,1,166,2,27,4,4.5,3,0,11,1,8.3,30.6,6,55,7
ILT20,1,166,1,43,5,7.17,4,1,15,5,13.9,41.7,5,119,9
Super Smash,2,163,2,59,0,9.83,6,1,22,3,19.4,61.1,10,181,5
T20 World Cup,2,172,1,47,2,7.83,4,2,15,1,16.7,41.7,8,142,7
CPL,1,138,2,58,2,9.67,5,3,14,0,22.2,38.9,8,165,6
